player_name,sg_putt_pred,sg_putt_rank,sg_arg_pred,sg_arg_rank,sg_app_pred,sg_app_rank,sg_ott_pred,sg_ott_rank,sg_total_pred,sg_total_rank,distance_pred,distance_rank,accuracy_pred,accuracy_rank
"Scheffler, Scottie",0.567,7,0.394,4,0.896,2,0.705,6,2.562,1,8.652,47,0.04,63
"Rahm, Jon",0.306,37,0.295,14,0.847,4,0.808,3,2.257,2,12.869,23,0.015,135
"McIlroy, Rory",0.3,38,0.189,35,0.687,12,0.934,2,2.109,3,19.378,4,-0.011,246
"Schauffele, Xander",0.283,40,0.151,48,0.87,3,0.611,11,1.915,4,11.232,28,-0.003,211
"Fitzpatrick, Matt",0.289,39,0.316,9,0.769,6,0.494,31,1.869,5,3.017,123,0.053,44
"Young, Cameron",0.44,14,0.131,59,0.589,20,0.68,7,1.84,6,11.062,31,0.005,182
"Fleetwood, Tommy",0.223,57,0.308,12,0.733,8,0.541,24,1.805,7,1.695,147,0.069,23
"DeChambeau, Bryson",0.22,59,0.085,89,0.364,48,1.065,1,1.733,8,21.258,2,-0.011,243
"MacIntyre, Robert",0.629,3,0.218,26,0.323,60,0.539,25,1.708,9,3.852,107,0.024,113
"Lee, Min Woo",0.395,16,0.308,11,0.36,50,0.637,9,1.7,10,13.026,22,0,202
"Aberg, Ludvig",0.338,30,0.192,34,0.554,22,0.605,12,1.69,11,12.023,26,0.013,145
"Morikawa, Collin",-0.043,206,0.052,115,0.951,1,0.724,5,1.684,12,1.986,139,0.094,7
"Kim, Si Woo",-0.13,269,0.203,30,0.823,5,0.674,8,1.57,13,-2.498,238,0.107,1
"Henley, Russell",0.338,31,0.297,13,0.535,23,0.259,74,1.429,14,-8.504,354,0.097,6
"Matsuyama, Hideki",0.252,48,0.377,6,0.672,15,0.119,128,1.421,15,-0.074,190,0.013,148
"Bridgeman, Jacob",0.683,1,0.107,75,0.342,54,0.274,70,1.406,16,3.228,117,0.006,178
"Cantlay, Patrick",0.164,76,0.163,43,0.561,21,0.437,40,1.325,17,4.61,93,0.008,168
"Knapp, Jake",0.637,2,0.063,105,0.211,88,0.396,46,1.307,18,13.694,20,-0.023,289
"McNealy, Maverick",0.381,17,0.183,37,0.405,38,0.336,58,1.304,19,5.919,74,0.003,186
"Bhatia, Akshay",0.38,18,0.038,131,0.673,14,0.165,103,1.256,20,1.263,161,0.009,164
"Hojgaard, Nicolai",0.24,51,0,161,0.593,18,0.384,49,1.217,21,15.293,13,-0.04,331
"Gotterup, Chris",0.171,73,0.102,79,0.386,44,0.546,23,1.205,22,16.402,10,-0.042,342
"Spaun, J.J.",-0.052,219,0.073,98,0.754,7,0.422,41,1.197,23,2.233,132,0.036,72
"Gerard, Ryan",-0.046,213,0.005,155,0.72,10,0.49,32,1.17,24,1.297,160,0.044,57
"Hovland, Viktor",0.143,84,0.118,65,0.723,9,0.154,110,1.138,25,1.063,167,0.028,97
"English, Harris",0.489,11,0.108,74,0.141,114,0.334,59,1.073,26,1.492,155,0.034,79
"Stevens, Sam",0.037,155,0.11,71,0.346,53,0.579,16,1.072,27,5.758,80,0.029,96
"Burns, Sam",0.586,5,-0.015,177,0.196,94,0.293,68,1.06,28,9.021,43,-0.009,235
"Griffin, Ben",0.372,21,0.277,18,0.395,42,0.015,162,1.059,29,0.519,178,0.007,171
"Thomas, Justin",0.318,35,0.401,3,0.338,56,-0.021,175,1.036,30,5.758,79,-0.053,374
"Hisatsune, Ryo",0.004,175,0.085,88,0.512,25,0.397,45,0.998,31,1.395,158,0.031,91
"Thorbjornsen, Michael",0.051,146,0.05,117,0.302,65,0.59,13,0.993,32,11.178,30,0.017,130
"Kitayama, Kurt",-0.118,257,0.019,143,0.697,11,0.387,48,0.985,33,9.8,37,-0.017,266
"Hall, Harry",0.615,4,0.385,5,0.15,109,-0.181,244,0.969,34,0.231,184,-0.026,296
"Scott, Adam",-0.08,235,0.03,135,0.676,13,0.339,57,0.964,35,8.59,48,-0.021,280
"Spieth, Jordan",0.129,96,0.146,52,0.445,32,0.227,81,0.947,36,6.189,71,-0.003,214
"Theegala, Sahith",0.262,45,0.206,29,0.36,49,0.111,132,0.939,37,3.763,109,-0.014,256
"Straka, Sepp",0.139,90,0.029,136,0.487,28,0.251,78,0.905,38,-0.335,200,0.039,64
"Noren, Alex",0.471,13,0.287,15,0.208,89,-0.063,191,0.903,39,-6.173,326,0.032,88
"Fowler, Rickie",0.308,36,0.003,156,0.199,93,0.382,51,0.891,40,1.517,153,0.046,54
"Lowry, Shane",0.112,102,-0.05,214,0.655,16,0.165,101,0.881,41,-0.458,201,0.026,105
"Hillier, Daniel",0.38,19,-0.343,419,0.312,63,0.532,26,0.881,42,8.936,44,0.007,172
"Detry, Thomas",0.366,23,0.011,148,0.203,92,0.242,80,0.822,43,7.072,59,-0.017,265
"Rose, Justin",0.113,100,0.06,107,0.531,24,0.106,134,0.812,44,2.368,129,0.001,194
"Niemann, Joaquin",-0.124,263,0.102,78,0.283,68,0.548,22,0.809,45,13.931,18,-0.015,257
"Day, Jason",0.37,22,0.339,8,-0.006,158,0.1,137,0.802,46,-0.935,206,0.013,143
"Mitchell, Keith",-0.13,270,-0.088,252,0.446,31,0.573,17,0.801,47,9.312,41,-0.004,220
"Conners, Corey",-0.143,278,-0.039,203,0.591,19,0.388,47,0.796,48,-1.427,215,0.074,19
"Penge, Marco",-0.045,208,-0.156,321,0.187,97,0.807,4,0.793,49,20.677,3,-0.044,351
"Reed, Patrick",0.162,77,0.158,46,0.502,27,-0.037,181,0.785,50,-4.139,287,0.008,167
"Thompson, Davis",-0.18,300,0.086,87,0.414,37,0.452,38,0.771,51,3.886,104,0.034,77
"Smalley, Alex",0.084,123,0.069,103,0.351,51,0.253,75,0.757,52,3.443,114,0.013,141
"Schaper, Jayden",0.356,26,0.106,76,0.08,135,0.215,89,0.757,53,-6.595,332,0.065,31
"Ayora, Angel",-0.028,196,-0.064,231,0.28,69,0.568,19,0.755,54,12.604,24,-0.005,226
"Smith, Jordan",-0.094,248,-0.085,248,0.431,34,0.495,30,0.746,55,5.744,81,0.027,102
"Bradley, Keegan",0.066,136,0.273,19,0.138,116,0.216,88,0.692,56,4.623,92,0.012,149
"Puig, David",0.352,27,-0.088,255,-0.101,194,0.527,27,0.69,57,15.849,12,-0.045,354
"Coody, Pierceson",0.007,173,-0.165,331,0.268,73,0.573,18,0.683,58,13.698,19,-0.017,267
"Hojgaard, Rasmus",0.419,15,-0.074,237,0.146,112,0.191,95,0.682,59,14.496,17,-0.059,385
"Berger, Daniel",-0.094,247,-0.222,369,0.622,17,0.372,52,0.677,60,1.93,141,0.05,47
"Taylor, Nick",0.047,148,0.278,17,0.439,33,-0.104,205,0.66,61,-5.692,320,0.023,117
"McGreevy, Max",-0.146,280,-0.01,173,0.395,41,0.421,42,0.659,62,-3.946,281,0.07,21
"Reitan, Kristoffer",0.202,62,-0.142,311,-0.013,163,0.586,14,0.632,63,9.474,39,0.008,166
"Poston, J.T.",0.169,74,0.05,116,0.207,90,0.192,94,0.619,64,-4.987,306,0.046,55
"Hatton, Tyrrell",-0.046,214,-0.003,164,0.463,29,0.203,91,0.617,65,5.388,85,-0.023,288
"Wallace, Matt",0.042,152,0.179,38,0.327,59,0.069,143,0.617,66,0.232,183,0.009,162
"Castillo, Ricky",0.181,70,0.138,56,0.02,149,0.271,71,0.61,67,6.958,61,-0.011,241
"Pendrith, Taylor",-0.122,261,0.076,96,0.168,99,0.482,34,0.604,68,10.22,33,-0.007,231
"Du Plessis, Hennie",-0.098,249,-0.121,287,0.339,55,0.482,35,0.602,69,9.928,35,-0.021,281
"Burmester, Dean",0.06,141,0.002,158,-0.016,164,0.552,20,0.598,70,16.673,7,-0.052,370
"Yellamaraju, Sudarshan",0.198,63,-0.094,263,0.15,108,0.34,55,0.595,71,7.286,56,0.009,161
"Herbert, Lucas",0.067,134,0.056,111,0.132,117,0.329,61,0.584,72,8.823,46,-0.035,317
"Bezuidenhout, Christiaan",0.328,32,0.278,16,0.192,95,-0.215,259,0.584,73,-12.247,391,0.051,45
"Ortiz, Carlos",-0.133,273,0.212,27,0.378,45,0.112,131,0.57,74,5.167,87,-0.026,293
"McCarty, Matt",0.263,44,0.01,149,0.148,110,0.147,113,0.568,75,-3.706,273,0.034,82
"Olesen, Thorbjorn",0.008,172,0.046,118,0.29,67,0.216,87,0.559,76,2.12,135,0.002,191
"Jarvis, Casey",0.148,82,-0.143,313,0.303,64,0.252,77,0.559,77,-3.613,269,0.034,83
"Parry, John",-0.022,194,0.034,133,0.366,47,0.17,99,0.548,78,-4.222,288,0.037,69
"Meissner, Mac",0.1,111,0.136,58,0.244,78,0.057,147,0.538,79,1.67,148,-0.003,216
"Rai, Aaron",-0.191,310,0.111,70,0.45,30,0.154,111,0.524,80,-11.296,387,0.103,4
"Im, Sungjae",0.161,78,0.415,2,-0.163,217,0.106,135,0.519,81,-2.787,246,0.041,62
"Hoey, Rico",-0.256,346,-0.14,309,0.398,40,0.51,29,0.513,82,5.858,77,0.024,115
"Fitzpatrick, Alex",0.079,124,0.141,54,0.14,115,0.147,115,0.507,83,-2.578,242,0.033,85
"Pieters, Thomas",-0.003,184,0.069,102,0.278,71,0.146,116,0.49,84,1.911,143,-0.013,255
"Dumont De Chassart, Adrien",0.104,109,0.1,80,0.104,127,0.177,98,0.485,85,6.799,65,-0.028,303
"Ancer, Abraham",0.149,81,-0.097,268,0.319,62,0.109,133,0.48,86,-9.647,364,0.086,9
"McKibbin, Tom",0.044,151,0.089,85,-0.072,180,0.41,44,0.47,87,3.568,112,0.036,73
"Woodland, Gary",0.118,97,-0.266,385,0.154,105,0.449,39,0.455,88,12.247,25,-0.012,248
"Clark, Wyndham",-0.08,234,0.197,32,0.332,57,-0.001,169,0.448,89,8.332,52,-0.039,328
"Grace, Branden",-0.034,198,0.126,63,0.292,66,0.062,145,0.447,90,-5.885,322,0.03,93
"Koepka, Brooks",-0.184,306,-0.017,179,0.414,36,0.213,90,0.426,91,6.358,69,-0.027,300
"Kim, Michael",0.258,47,0.11,72,0.213,85,-0.162,232,0.419,92,-1.952,228,-0.018,271
"Munoz, Sebastian",0.075,129,-0.03,191,0.328,58,0.041,151,0.415,93,-6.016,325,0.057,38
"Lindell, Oliver",0.072,130,0.001,159,0.51,26,-0.17,237,0.413,94,-4.698,301,0.007,173
"Novak, Andrew",0.077,127,0.118,66,0.191,96,0.026,157,0.413,95,-0.13,191,-0.006,230
"Cauley, Bud",-0.087,243,0.115,69,0.35,52,0.023,160,0.401,96,-2.82,247,0.017,129
"Fox, Ryan",0.105,108,0.072,100,0.092,130,0.119,129,0.389,97,8.434,51,-0.061,389
"Ghim, Doug",-0.286,362,0.079,95,0.253,74,0.339,56,0.385,98,1.019,169,0.032,90
"Li, Haotong",-0.045,209,-0.185,346,0.252,75,0.36,54,0.382,99,5.303,86,0.005,180
"Kim, Tom",0.096,115,0.196,33,0.204,91,-0.126,210,0.37,100,-3.059,251,0.023,119
"Neergaard-Petersen, Rasmus",-0.126,265,-0.075,239,0.243,79,0.319,65,0.361,101,2.812,125,0.026,104
"Smotherman, Austin",-0.296,367,-0.16,324,0.403,39,0.412,43,0.359,102,0.594,177,0.05,48
"Zalatoris, Will",-0.3,368,0.006,153,0.425,35,0.224,83,0.355,103,3.087,120,0.009,163
"McCarthy, Denny",0.483,12,0.058,109,0.074,136,-0.262,286,0.353,104,-5.6,317,0.008,165
"Keefer, Johnny",-0.226,330,-0.231,371,0.246,77,0.549,21,0.338,105,11.334,27,-0.009,236
"Harman, Brian",0.004,176,0.153,47,0.169,98,-0.004,170,0.322,106,-5.208,309,0.037,68
"Ballester, Jose Luis",0.065,137,-0.248,381,-0.09,184,0.584,15,0.311,107,16.284,11,-0.059,384
"Putnam, Andrew",0.262,46,0.341,7,0.121,118,-0.418,335,0.306,108,-21.612,424,0.107,2
"Greyserman, Max",0.344,28,0.161,44,0.017,151,-0.223,269,0.299,109,6.333,70,-0.066,401
"Yu, Kevin",-0.051,218,-0.003,165,0.09,132,0.262,73,0.298,110,7.082,58,-0.006,228
"Kim, S.H.",0.319,34,0.083,92,-0.253,241,0.139,119,0.288,111,0.855,172,0.013,147
"Eckroat, Austin",-0.037,199,-0.167,333,0.322,61,0.161,107,0.278,112,0.226,185,0.024,114
"Echavarria, Nico",0.221,58,-0.126,291,0.156,104,0.026,158,0.277,113,-5.406,314,0.034,81
"Jaeger, Stephan",0.235,54,0.25,22,0.039,144,-0.25,279,0.275,114,5.824,78,-0.072,409
"Smith, Cameron",0.516,8,0.493,1,-0.28,253,-0.459,345,0.271,115,-3.067,252,-0.051,369
"Finau, Tony",0.076,128,0.25,21,0.215,84,-0.28,293,0.262,116,3.278,116,-0.053,373
"Cole, Eric",0.36,24,0.311,10,0.144,113,-0.567,369,0.248,117,-4.019,283,-0.05,366
"Roy, Kevin",0.042,153,0.106,77,-0.096,190,0.192,93,0.244,118,1.525,152,0.025,109
"Gooch, Talor",0.079,125,0.099,81,0.152,106,-0.09,193,0.239,119,-5.847,321,0.043,60
"Chacarra, Eugenio",-0.038,203,-0.038,202,-0.004,157,0.307,67,0.227,120,6.138,72,-0.013,252
"Mouw, William",0.055,143,-0.084,247,-0.027,170,0.276,69,0.22,121,5.964,73,0.011,152
"Hodges, Lee",-0.071,227,-0.095,265,0.223,83,0.161,105,0.218,122,-3.25,256,0.05,49
"Power, Seamus",-0.002,183,0.093,83,0.059,140,0.067,144,0.217,123,-3.509,267,0.034,78
"Kirk, Chris",-0.198,314,0.045,121,0.235,81,0.128,122,0.21,124,-1.545,218,0.025,110
"Valimaki, Sami",0.327,33,-0.103,275,0.164,101,-0.179,243,0.209,125,-5.292,312,0.028,100
"Leishman, Marc",0.011,170,0.095,82,0.24,80,-0.155,229,0.192,126,-3.17,255,-0.004,221
"Moore, Taylor",0.183,68,0.171,41,-0.281,254,0.102,136,0.175,127,7.246,57,-0.045,356
"Homa, Max",0.055,144,-0.045,210,0.146,111,0.013,164,0.169,128,1.644,149,-0.003,213
"Rodgers, Patrick",0.016,167,0.108,73,0.107,122,-0.068,192,0.164,129,5.419,84,-0.038,324
"Garcia, Sergio",-0.237,336,-0.005,169,0.164,102,0.217,86,0.139,130,-2.091,230,0.049,50
"Hughes, Mackenzie",0.279,41,0.227,25,-0.147,210,-0.22,266,0.139,131,1.456,156,-0.041,337
"Ramey, Chad",0.342,29,-0.028,189,-0.187,221,-0.004,171,0.123,132,-1.633,221,0.01,156
"Ferguson, Ewen",0.077,126,-0.2,355,0.098,128,0.141,117,0.117,133,-4.92,305,0.067,27
"Howell III, Charles",0.071,131,0.148,51,-0.232,234,0.124,124,0.111,134,-0.558,203,0.002,188
"Ford, David",-0.123,262,-0.161,325,-0.079,181,0.46,37,0.097,135,2.181,133,0.055,41
"Oosthuizen, Louis",0.054,145,0.045,120,0.047,142,-0.053,184,0.094,136,-11.244,386,0.066,29
"Fisk, Steven",-0.045,210,0.038,130,-0.019,167,0.113,130,0.088,137,5.453,83,-0.007,232
"An, Byeong Hun",-0.203,317,0.148,49,-0.012,161,0.15,112,0.083,138,6.415,68,-0.063,393
"Schmid, Matti",0.113,101,-0.08,245,-0.092,185,0.136,120,0.077,139,8.506,50,-0.043,345
"Whaley, Vince",0.514,9,0.118,67,-0.199,227,-0.364,320,0.068,140,1.541,150,-0.064,397
"Saddier, Adrien",-0.071,229,-0.043,206,-0.017,165,0.183,97,0.053,141,-2.134,231,0.042,61
"Hossler, Beau",0.359,25,0.268,20,-0.328,279,-0.256,283,0.044,142,-1.431,217,-0.026,297
"Campillo, Jorge",-0.081,237,0.058,108,0.226,82,-0.168,235,0.035,143,-3.438,263,0.002,190
"Dahmen, Joel",-0.345,391,-0.171,339,0.212,86,0.325,64,0.021,144,-7.004,337,0.083,12
"Perez, Victor",0.145,83,-0.056,223,-0.105,195,0.031,154,0.016,145,-0.217,196,0.014,137
"Ventura, Kris",0.136,92,-0.182,343,-0.159,214,0.22,84,0.014,146,5.005,90,-0.003,212
"Bauchou, Zach",0.03,157,0.005,154,0.066,139,-0.095,196,0.007,147,-2.06,229,-0.012,250
"Vincent, Scott",0.375,20,-0.091,258,-0.252,240,-0.026,177,0.006,148,-0.816,205,0.001,195
"Molinari, Francesco",-0.33,384,-0.077,242,0.248,76,0.162,104,0.003,149,-6.25,328,0.065,32
"Sullivan, Andy",0.095,116,0.015,145,0.07,138,-0.178,242,0.002,150,-10.779,379,0.034,80
"Potgieter, Aldrich",-0.237,337,-0.324,410,-0.081,182,0.624,10,-0.018,151,22.889,1,-0.05,365
"Couvra, Martin",0,179,-0.048,212,-0.095,189,0.122,125,-0.021,152,-2.822,248,0.028,99
"Guerrier, Julien",0.034,156,-0.007,171,-0.018,166,-0.044,182,-0.036,153,-0.007,189,-0.011,240
"Lipsky, David",0.026,162,0.127,62,0.073,137,-0.272,289,-0.046,154,-10.61,376,0.036,70
"Lee, Richard",0.111,103,-0.063,228,-0.115,199,0.02,161,-0.047,155,0.258,181,-0.011,244
"Surratt, Caleb",0.239,52,-0.17,338,-0.282,256,0.16,109,-0.053,156,9.385,40,-0.043,346
"Bradbury, Dan",-0.165,291,-0.335,414,0.278,72,0.161,106,-0.061,157,-0.193,195,0.043,59
"Ding, Wenyi",-0.013,187,-0.035,201,-0.28,251,0.264,72,-0.064,158,5.166,88,0.004,183
"Brown, Dan",-0.003,185,-0.202,358,0.108,121,0.025,159,-0.072,159,-5.211,310,0.036,71
"Blair, Zac",-0.141,277,-0.023,185,0.372,46,-0.284,296,-0.076,160,-17.498,413,0.07,22
"Crowe, Trace",0.05,147,0.039,128,-0.064,179,-0.103,203,-0.078,161,4.454,97,-0.051,367
"Kohles, Ben",-0.458,417,-0.106,276,0.387,43,0.086,140,-0.091,162,-9.29,361,0.079,13
"Svensson, Adam",-0.403,404,0.128,61,0.279,70,-0.098,199,-0.094,163,-7.426,343,0.033,87
"Wu, Dylan",-0.117,256,0.006,152,0.021,148,-0.024,176,-0.113,164,-2.63,244,0.012,150
"Canter, Laurie",-0.254,345,-0.302,402,-0.044,172,0.484,33,-0.116,165,3.214,118,0.035,76
"Horschel, Billy",0.169,75,0,160,0.048,141,-0.336,310,-0.119,166,-3.499,266,-0.025,292
"Sigg, Greyson",-0.247,339,0.037,132,0.211,87,-0.13,214,-0.129,167,-6.922,335,0.023,118
"Smylie, Elvis",0.174,72,-0.021,183,-0.257,244,-0.033,180,-0.138,168,1.385,159,0.003,185
"Lawrence, Thriston",-0.112,255,-0.162,328,0.081,134,0.054,149,-0.139,169,-2.342,236,0.01,160
"Grillo, Emiliano",-0.12,259,-0.145,315,0.046,143,0.07,142,-0.148,170,-6.925,336,0.067,28
"Laporta, Francesco",-0.181,303,0.017,144,-0.116,200,0.126,123,-0.155,171,-3.744,274,0.048,53
"Johnson, Dustin",0.189,67,-0.018,180,-0.237,236,-0.091,194,-0.158,172,3.943,103,-0.028,302
"Kimsey, Nathan",-0.136,275,-0.06,226,-0.291,262,0.31,66,-0.177,173,-2.205,232,0.069,24
"Kanaya, Takumi",0.277,42,0.143,53,-0.511,338,-0.094,195,-0.185,174,-9.909,369,0.068,26
"Simpson, Webb",-0.002,182,0.174,40,-0.112,198,-0.246,277,-0.185,175,-1.865,224,-0.003,217
"Olesen, Jacob Skov",0.189,66,-0.092,260,-0.13,203,-0.153,227,-0.186,176,-2.554,239,-0.005,224
"Coussaud, Ugo",0.088,121,-0.075,238,-0.15,211,-0.063,190,-0.2,177,5.592,82,-0.064,396
"Nakajima, Keita",0.016,168,-0.203,361,0,156,-0.017,173,-0.204,178,0.49,179,0.006,177
"Hill, Calum",0.505,10,0.022,140,-0.319,276,-0.426,336,-0.218,179,-0.774,204,-0.044,347
"Lahiri, Anirban",-0.15,282,0.042,124,-0.142,207,0.027,156,-0.222,180,-5.996,324,0.029,95
"Armitage, Marcus",-0.186,308,0.141,55,0.037,145,-0.218,263,-0.227,181,-3.337,260,-0.011,242
"Svensson, Jesper",-0.37,398,-0.135,302,-0.093,186,0.364,53,-0.234,182,14.662,14,-0.034,315
"Schwartzel, Charl",0.131,95,0.057,110,0.015,152,-0.449,343,-0.246,183,-3.583,268,-0.019,273
"Higgo, Garrick",0.028,159,-0.031,193,-0.285,260,0.039,153,-0.248,184,5.889,75,-0.038,326
"Kokrak, Jason",0.141,87,-0.166,332,-0.098,192,-0.128,212,-0.252,185,1.239,164,-0.012,247
"Phillips, Chandler",0.249,49,0.088,86,-0.421,303,-0.169,236,-0.253,186,-4.856,304,0.014,138
"LaCroix, Frederic",-0.257,347,-0.194,350,0.104,126,0.092,139,-0.254,187,0.801,174,0.013,144
"Ryder, Sam",0.174,71,-0.133,301,-0.058,177,-0.247,278,-0.264,188,-3.335,259,-0.009,237
"Vilips, Karl",0.098,112,-0.094,262,0.012,154,-0.282,295,-0.266,189,4.443,99,-0.067,405
"Jordan, Matthew",0.14,88,0.081,94,-0.274,249,-0.218,264,-0.272,190,-2.763,245,-0.022,282
"Lindberg, Mikael",-0.111,254,-0.164,330,-0.469,318,0.471,36,-0.273,191,19.175,5,-0.066,402
"Rozner, Antoine",-0.086,241,-0.115,282,0.12,119,-0.204,253,-0.286,192,3.001,124,-0.033,313
"Springer, Hayden",0.11,105,-0.066,233,-0.353,284,0.011,165,-0.299,193,6.726,66,-0.045,357
"Goodwin, Noah",0.014,169,-0.04,204,-0.265,247,-0.017,174,-0.308,194,-3.655,272,0.035,74
"Young, Carson",-0.061,223,-0.156,322,-0.038,171,-0.053,185,-0.308,195,-7.318,342,0.037,67
"Vegas, Jhonattan",-0.206,320,-0.099,273,-0.013,162,0.006,167,-0.311,196,4.444,98,-0.034,316
"Cone, Trevor",-0.254,344,-0.187,347,-0.196,224,0.326,63,-0.311,197,9.984,34,-0.022,285
"Casey, Paul",-0.184,305,-0.076,240,0.164,100,-0.217,261,-0.313,198,-2.56,240,0.022,123
"Lashley, Nate",-0.132,272,-0.015,175,0.013,153,-0.182,245,-0.315,199,-6.359,329,0.01,158
"Johnson, Zach",0.206,61,0.044,122,-0.163,216,-0.403,332,-0.317,200,-17.748,414,0.074,18
"Watson, Bubba",-0.015,190,-0.153,320,-0.319,275,0.165,102,-0.322,201,5.885,76,0,198
"Pan, C.T.",-0.15,281,0.161,45,-0.152,212,-0.186,247,-0.328,202,-7.13,340,0.038,66
"Champ, Cameron",-0.168,295,-0.293,397,-0.39,292,0.518,28,-0.333,203,16.64,8,-0.016,263
"Tringale, Cameron",0.047,149,0.042,125,-0.046,173,-0.375,323,-0.333,204,-5.535,315,0.007,170
"Bramlett, Joseph",-0.561,425,0.075,97,-0.049,175,0.193,92,-0.342,205,11.19,29,-0.041,339
"Hubbard, Mark",-0.181,302,0.002,157,-0.012,159,-0.151,225,-0.342,206,-5.644,318,0.01,155
"Pavon, Matthieu",0.211,60,-0.135,303,-0.436,308,0.005,168,-0.355,207,0.468,180,0,203
"Mansell, Richard",-0.394,402,-0.056,221,-0.16,215,0.252,76,-0.358,208,6.725,67,-0.02,276
"Del Rey, Alejandro",-0.089,245,-0.182,342,-0.244,238,0.147,114,-0.368,209,14.564,15,-0.083,424
"Steele, Brendan",-0.406,406,-0.153,317,0.084,133,0.098,138,-0.377,210,3.078,121,0.02,126
"Montgomery, Taylor",0.578,6,0.245,23,-0.356,285,-0.846,408,-0.378,211,-3.939,280,-0.083,423
"Varner III, Harold",-0.349,392,-0.017,178,0.091,131,-0.105,206,-0.38,212,4.894,91,-0.039,330
"Hadwin, Adam",-0.015,191,-0.077,244,-0.316,273,0.027,155,-0.381,213,0.6,176,-0.001,208
"Glover, Lucas",-0.414,409,0.02,141,0.108,120,-0.099,200,-0.385,214,-12.983,396,0.085,10
"Uihlein, Peter",0.183,69,0.2,31,0.105,125,-0.884,413,-0.396,215,7.786,54,-0.164,431
"Pak, John",-0.25,341,-0.043,208,0.019,150,-0.127,211,-0.402,216,-10.838,381,0.054,42
"Pavan, Andrea",0.135,94,0.025,138,-0.276,250,-0.296,301,-0.412,217,-7.991,349,0.013,140
"Salinda, Isaiah",-0.422,412,-0.236,375,-0.143,208,0.383,50,-0.418,218,9.86,36,-0.003,215
"Forrest, Grant",0.093,117,-0.128,294,-0.281,255,-0.109,208,-0.426,219,6.908,62,-0.07,407
"Pepperell, Eddie",0.066,135,-0.085,249,-0.021,168,-0.395,331,-0.434,220,-20.561,422,0.069,25
"Kuchar, Matt",0.265,43,0.148,50,-0.285,259,-0.563,366,-0.435,221,-19.404,419,0.059,35
"Clements, Todd",-0.309,372,-0.056,222,0.028,146,-0.101,202,-0.437,222,-1.057,208,-0.016,261
"Otaegui, Adrian",-0.293,364,0.072,101,-0.012,160,-0.219,265,-0.452,223,-13.687,398,0.075,17
"Elvira Mijares, Ignacio",0.116,98,-0.031,195,-0.198,226,-0.343,315,-0.456,224,-8.692,355,0.01,157
"Shipley, Neal",-0.31,374,-0.267,386,-0.139,205,0.246,79,-0.47,225,4.092,102,0.013,142
"Skinns, David",-0.207,322,-0.087,250,-0.056,176,-0.13,213,-0.48,226,1.782,145,-0.03,308
"Bland, Richard",-0.159,286,0.043,123,0.107,123,-0.479,348,-0.487,227,-13.94,401,0.035,75
"Song, Younghan",-0.047,215,-0.031,196,-0.093,187,-0.317,308,-0.488,228,-16.352,408,0.065,30
"Manassero, Matteo",-0.084,239,0.242,24,0.093,129,-0.739,400,-0.488,229,-15.323,404,0,200
"Kim, Chan",-0.317,378,0.068,104,-0.087,183,-0.152,226,-0.489,230,-3.935,279,0.02,125
"Griffin, Lanto",-0.042,204,-0.044,209,-0.195,223,-0.218,262,-0.498,231,-4.072,284,0.006,176
"Snedeker, Brandt",0.111,104,0.168,42,-0.185,219,-0.597,373,-0.502,232,-19.143,418,0.062,34
"Hoge, Tom",-0.202,316,-0.101,274,0.151,107,-0.362,319,-0.514,233,-5.305,313,-0.015,259
"Waring, Paul",-0.181,301,-0.247,379,-0.11,197,0.014,163,-0.524,234,1.197,165,-0.013,254
"Wolff, Matthew",-0.086,240,-0.212,364,-0.304,269,0.074,141,-0.528,235,16.558,9,-0.079,417
"Stone, Brandon",-0.376,399,-0.206,362,-0.108,196,0.16,108,-0.529,236,4.151,101,0.001,192
"Buckley, Hayden",-0.335,387,-0.192,348,-0.141,206,0.136,121,-0.532,237,-0.162,193,0.028,101
"Fishburn, Patrick",-0.02,192,-0.109,278,-0.306,271,-0.097,198,-0.533,238,2.776,126,-0.019,275
"Robinson Thompson, Brandon",-0.024,195,-0.035,200,-0.303,268,-0.173,238,-0.535,239,-1.43,216,0.001,193
"Ravetto, David",-0.28,359,-0.15,316,-0.294,264,0.186,96,-0.538,240,3.138,119,-0.003,219
"Meronk, Adrian",0.139,89,-0.045,211,-0.42,302,-0.217,260,-0.543,241,5.041,89,-0.064,395
"Schott, Freddy",0.057,142,-0.158,323,-0.41,297,-0.033,179,-0.545,242,8.183,53,-0.055,377
"Cummins, Quade",0.022,164,-0.139,307,-0.389,291,-0.056,186,-0.562,243,2.065,136,-0.031,309
"Veerman, Johannes",0.023,163,-0.067,234,-0.197,225,-0.343,313,-0.584,244,1.527,151,-0.042,341
"Clanton, Luke",-0.286,363,-0.252,383,-0.022,169,-0.028,178,-0.589,245,3.704,110,-0.022,284
"Van Rooyen, Erik",-0.107,252,-0.088,254,-0.437,309,0.039,152,-0.593,246,4.275,100,-0.026,294
"Wiesberger, Bernd",-0.589,428,0.024,139,0.157,103,-0.194,250,-0.603,247,-8.29,352,0.016,132
"Rosenmueller, Thomas",-0.43,413,-0.299,400,0.004,155,0.121,126,-0.605,248,3.881,106,0.011,153
"Kobori, Kazuma",0.114,99,-0.005,170,-0.334,281,-0.38,325,-0.606,249,-21.522,423,0.102,5
"Suber, Jackson",-0.158,285,-0.098,271,-0.119,201,-0.235,275,-0.611,250,1.253,162,-0.047,362
"Kruyswijk, Jacques",-0.044,207,-0.011,174,-0.231,233,-0.327,309,-0.613,251,-4.493,296,-0.003,218
"Norgaard, Niklas",0.089,119,-0.336,415,-0.601,357,0.219,85,-0.629,252,14.544,16,-0.062,391
"Peterson, Paul",0.103,110,0.09,84,-0.183,218,-0.641,384,-0.632,253,-24.109,431,0.085,11
"Silverman, Ben",0.006,174,-0.004,167,-0.389,290,-0.255,281,-0.642,254,-8.382,353,0.02,124
"Van Driel, Darius",-0.175,298,-0.07,235,-0.264,246,-0.156,230,-0.665,255,-11.053,384,0.053,43
"Elvira, Manuel",-0.204,318,-0.194,351,-0.128,202,-0.139,218,-0.665,256,-0.284,197,-0.027,301
"Streelman, Kevin",-0.063,225,-0.108,277,-0.217,232,-0.278,292,-0.665,257,-8.109,351,0.014,139
"Vaillant, Tom",0.137,91,-0.034,197,-0.412,298,-0.365,321,-0.673,258,-3.318,258,-0.028,304
"Langasque, Romain",0.224,56,-0.031,194,-0.556,349,-0.312,306,-0.675,259,-1.15,211,-0.036,321
"Schmidt, Ben",-0.01,186,-0.37,424,-0.155,213,-0.15,223,-0.684,260,-1.604,220,-0.002,210
"Luiten, Joost",-0.014,188,-0.248,380,-0.299,266,-0.136,216,-0.697,261,-3.629,271,0.024,116
"Halvorsen, Andreas",-0.014,189,-0.247,378,-0.385,289,-0.051,183,-0.697,262,2.436,128,-0.029,306
"Westwood, Lee",-0.273,351,-0.115,281,-0.214,231,-0.103,204,-0.705,263,-7.819,347,0.026,106
"Norrman, Vincent",-0.59,429,-0.233,372,-0.049,174,0.166,100,-0.706,264,9.559,38,-0.022,283
"Stenson, Henrik",-0.699,431,-0.17,337,0.107,124,0.042,150,-0.72,265,-10.269,373,0.105,3
"Scrivener, Jason",0.096,114,-0.126,292,-0.25,239,-0.442,340,-0.722,266,-10.768,378,0.003,184
"Lower, Justin",-0.224,329,-0.094,264,-0.352,283,-0.058,188,-0.728,267,-6.793,333,0.026,107
"Frittelli, Dylan",-0.184,304,0.073,99,-0.318,274,-0.309,304,-0.739,268,4.595,94,-0.078,416
"Paul, Jeremy",0.029,158,0.014,146,-0.401,293,-0.384,327,-0.742,269,0.142,188,-0.058,381
"McDowell, Graeme",-0.075,231,-0.14,308,-0.098,191,-0.446,342,-0.759,270,-13.879,399,0.024,112
"Law, David",-0.029,197,-0.065,232,-0.505,335,-0.166,234,-0.765,271,-1.103,209,-0.026,295
"Highsmith, Joe",-0.204,319,-0.121,288,-0.234,235,-0.222,268,-0.781,272,1.707,146,-0.032,311
"Sterne, Richard",-0.353,393,-0.121,289,-0.095,188,-0.213,258,-0.782,273,-7.255,341,0.033,84
"Kizzire, Patton",-0.099,250,0.211,28,-0.13,204,-0.765,405,-0.783,274,-7.075,339,-0.041,336
"Walker, Danny",-0.037,200,0.041,126,-0.292,263,-0.498,352,-0.786,275,3.58,111,-0.077,414
"Gumberg, Jordan",-0.393,401,-0.342,418,-0.382,288,0.329,62,-0.788,276,-3.474,264,0.07,20
"Chandler, Will",-0.192,312,-0.019,181,-0.478,322,-0.101,201,-0.79,277,-2.62,243,-0.005,225
"Cabrera Bello, Rafa",0.108,106,-0.128,295,-0.254,243,-0.517,357,-0.792,278,-7.946,348,-0.008,233
"Mullinax, Trey",-0.175,299,-0.196,352,-0.211,230,-0.212,256,-0.794,279,8.515,49,-0.082,422
"Vincent, Kieran",-0.159,287,-0.281,392,-0.699,379,0.333,60,-0.806,280,13.425,21,-0.044,348
"Girrbach, Joel",-0.244,338,-0.338,416,-0.304,270,0.059,146,-0.827,281,-9.703,366,0.091,8
"Schenk, Adam",-0.222,327,-0.098,272,-0.24,237,-0.273,290,-0.832,282,0.18,186,-0.045,353
"Bairstow, Sam",-0.052,220,-0.219,368,-0.512,340,-0.058,187,-0.84,283,4.5,96,-0.013,253
"Ogletree, Andy",0.136,93,-0.09,256,-0.67,373,-0.226,272,-0.851,284,-1.235,212,-0.019,272
"Sargent, Gordon",-0.071,228,-0.071,236,-0.852,407,0.14,118,-0.853,285,17.892,6,-0.08,420
"Riley, Davis",0.197,64,0.083,93,-0.441,311,-0.701,393,-0.863,286,1.046,168,-0.075,412
"Tosti, Alejandro",-0.417,411,-0.091,259,-0.417,300,0.055,148,-0.87,287,8.888,45,-0.053,372
"Dean, Joe",-0.081,236,-0.048,213,-0.602,358,-0.148,222,-0.88,288,3.067,122,-0.024,291
"Crocker, Sean",-0.397,403,-0.246,377,-0.146,209,-0.095,197,-0.884,289,1.419,157,-0.008,234
"Norlander, Henrik",-0.33,383,-0.128,296,0.027,147,-0.461,346,-0.893,290,-10.803,380,0.019,127
"Von Dellingshausen, Nicolai",-0.119,258,-0.05,215,-0.563,350,-0.162,233,-0.894,291,1.919,142,-0.033,314
"Katsuragawa, Yuto",-0.275,354,-0.088,253,-0.487,327,-0.06,189,-0.91,292,-4.689,300,0.032,89
"De Leo, Gregorio",-0.127,267,-0.295,399,-0.344,282,-0.148,221,-0.913,293,-1.312,213,-0.001,205
"Lombard, Zander",-0.405,405,0,162,-0.187,222,-0.34,311,-0.933,294,0.155,187,-0.045,355
"Syme, Connor",-0.302,370,-0.328,412,-0.1,193,-0.211,255,-0.941,295,-3.403,261,0,201
"Dunlap, Nick",0.157,79,-0.009,172,-0.062,178,-1.036,421,-0.95,296,-3.854,275,-0.108,427
"Lagergren, Joakim",0.098,113,-0.215,366,-0.524,342,-0.312,305,-0.953,297,2.277,131,-0.065,398
"Dickson, Taylor",-0.267,349,-0.051,216,-0.461,316,-0.177,240,-0.956,298,-2.562,241,-0.001,207
"Hardy, Nick",-0.251,342,-0.233,373,-0.299,265,-0.177,241,-0.961,299,3.8,108,-0.041,338
"Jamieson, Scott",-0.151,283,-0.138,304,-0.499,332,-0.184,246,-0.972,300,-4.425,291,-0.005,222
"Martin, Ben",-0.159,288,-0.097,269,-0.333,280,-0.383,326,-0.972,301,-7.997,350,0.016,131
"Asaji, Yosuke",0.021,165,-0.028,190,-0.302,267,-0.671,387,-0.98,302,-13.591,397,0.01,159
"Higgs, Harry",-0.166,294,-0.249,382,-0.41,296,-0.158,231,-0.981,303,1.811,144,-0.024,290
"Migliozzi, Guido",-0.043,205,0.137,57,-0.404,294,-0.672,389,-0.982,304,-4.795,303,-0.051,368
"Aphibarnrat, Kiradech",-0.127,268,-0.096,267,-0.535,346,-0.227,274,-0.986,305,-4.442,294,0.002,187
"Schneider, Marcel",-0.002,181,-0.025,186,-0.47,319,-0.491,351,-0.989,306,-3.276,257,-0.038,327
"Garnett, Brice",-0.139,276,0.007,151,-0.444,312,-0.413,333,-0.989,307,-13.893,400,0.059,36
"Brown, Hamish",-0.234,333,-0.183,344,-0.325,278,-0.258,285,-1,308,3.532,113,-0.058,382
"Ormsby, Wade",-0.121,260,-0.022,184,-0.48,323,-0.387,329,-1.011,309,-19.834,421,0.075,16
"Jang, Yubin",-0.54,423,-0.309,407,-0.282,257,0.12,127,-1.012,310,7.033,60,-0.04,335
"Malnati, Peter",0.142,86,0.129,60,-0.531,345,-0.758,404,-1.018,311,-5.679,319,-0.079,418
"Bryant, Davis",-0.212,325,-0.093,261,-0.408,295,-0.314,307,-1.027,312,-10.581,375,0.033,86
"Hoshino, Rikuya",0.064,139,-0.132,299,-0.622,361,-0.343,314,-1.033,313,-3.62,270,0.007,174
"Pulkkanen, Tapio",0.064,138,0.052,114,-0.701,380,-0.451,344,-1.035,314,-4.091,285,-0.044,349
"Tway, Kevin",-0.038,202,-0.088,251,-0.662,369,-0.255,282,-1.042,315,2.141,134,-0.042,343
"Levy, Alexander",-0.046,212,-0.144,314,-0.66,368,-0.194,249,-1.043,316,-3.912,277,0.005,179
"Kim, Anthony",-0.108,253,-0.003,166,-0.205,228,-0.728,396,-1.045,317,-8.873,357,-0.057,380
"Ramsay, Richie",-0.061,224,-0.163,329,-0.284,258,-0.54,361,-1.048,318,-17.141,411,0.058,37
"De Bruyn, Jannik",-0.165,292,-0.212,365,-0.482,325,-0.193,248,-1.052,319,-0.533,202,-0.018,269
"Ahlawat, Veer",-0.126,266,-0.21,363,-0.531,344,-0.212,257,-1.078,320,-4.295,289,0.007,175
"Gouveia, Ricardo",-0.314,376,-0.267,387,-0.489,329,-0.009,172,-1.079,321,-3.416,262,0.018,128
"Soderberg, Sebastian",-0.252,343,-0.197,354,-0.206,229,-0.429,339,-1.084,322,-1.85,223,-0.031,310
"Nemecz, Lukas",-0.272,350,-0.035,199,-0.498,331,-0.285,297,-1.09,323,-8.909,359,0.026,108
"Hellgren, Bjorn",-0.303,371,-0.132,300,-0.507,337,-0.151,224,-1.093,324,-1.021,207,-0.016,264
"Laird, Martin",-0.217,326,-0.034,198,-0.423,305,-0.426,337,-1.1,325,-7.047,338,0.013,146
"Garcia Rodriguez, Sebastian",-0.26,348,-0.063,229,-0.419,301,-0.359,318,-1.1,326,-9.511,363,-0.015,258
"Willett, Danny",0.069,133,0.084,91,-0.761,397,-0.503,354,-1.111,327,-8.905,358,-0.018,270
"Masaveu, Luis",-0.125,264,-0.203,360,-0.567,351,-0.224,270,-1.119,328,7.447,55,-0.066,403
"Shelton, Robby",-0.048,217,0.084,90,-0.421,304,-0.745,401,-1.131,329,-6.815,334,-0.042,340
"Kinhult, Marcus",0.008,171,-0.127,293,-0.717,384,-0.299,303,-1.134,330,-5.563,316,-0.012,249
"La Sasso, Michael",-0.194,313,-0.077,243,-0.71,382,-0.155,228,-1.135,331,9.041,42,-0.073,410
"Tabuena, Miguel",-0.274,353,0.118,64,-0.723,386,-0.269,288,-1.148,332,-4.729,302,0.008,169
"Cockerill, Aaron",-0.206,321,-0.175,341,-0.481,324,-0.288,299,-1.151,333,-4.428,292,0.005,181
"Shinkwin, Callum",-0.492,421,-0.346,420,-0.55,347,0.227,82,-1.162,334,4.558,95,-0.022,286
"List, Luke",-0.324,382,-0.217,367,-0.484,326,-0.14,219,-1.165,335,2.728,127,-0.017,268
"Lemke, Niklas",-0.295,366,-0.077,241,-0.323,277,-0.473,347,-1.168,336,-1.893,226,-0.049,363
"Merritt, Troy",-0.103,251,-0.09,257,-0.505,336,-0.482,349,-1.18,337,-7.79,346,-0.011,239
"Campbell, Ben",0.237,53,-0.06,227,-0.66,367,-0.703,394,-1.186,338,-22.95,428,0.056,39
"Senior, Jack",0.046,150,-0.11,279,-0.608,359,-0.519,358,-1.192,339,-12.912,395,0.031,92
"Siem, Marcel",-0.34,389,-0.096,266,-0.637,364,-0.123,209,-1.195,340,-3.894,276,-0.006,227
"Kozuma, Jinichiro",-0.173,296,0.045,119,-0.448,314,-0.619,381,-1.195,341,-4.555,297,-0.04,334
"Campbell, Brian",0.086,122,-0.043,207,-0.487,328,-0.755,402,-1.2,342,-22.249,426,0.049,51
"Wilson, Andrew",-0.157,284,-0.3,401,-0.572,353,-0.175,239,-1.203,343,-5.207,308,0.022,120
"Davis, Cam",-0.133,274,-0.054,219,-0.512,339,-0.505,355,-1.204,344,0.251,182,-0.057,379
"Hoffman, Charley",-0.55,424,-0.169,336,-0.289,261,-0.202,251,-1.209,345,-0.143,192,-0.027,299
"Mickelson, Phil",-0.276,355,-0.028,188,-0.313,272,-0.61,377,-1.227,346,-4.448,295,-0.059,383
"Gordon, Will",-0.356,395,-0.267,388,-0.475,321,-0.139,217,-1.237,347,6.851,64,-0.04,333
"Villegas, Camilo",-0.132,271,0.038,129,-0.28,252,-0.878,411,-1.251,348,-11.014,383,-0.055,376
"Kaymer, Martin",0.028,160,-0.2,356,-0.186,220,-0.904,414,-1.261,349,-12.195,390,-0.037,322
"Poulter, Ian",-0.191,311,0.054,112,-0.455,315,-0.672,388,-1.264,350,-16.325,407,0.015,134
"Reavie, Chez",-0.309,373,-0.117,283,-0.27,248,-0.575,370,-1.271,351,-15.485,405,0.038,65
"Rottluff, Max",-0.021,193,-0.169,335,-0.714,383,-0.367,322,-1.271,352,0.761,175,-0.044,350
"Catlin, John",-0.39,400,-0.203,359,-0.584,355,-0.108,207,-1.286,353,-6.223,327,0.044,58
"Na, Kevin",-0.332,385,0.029,137,-0.381,287,-0.611,378,-1.296,354,-18.002,415,0.05,46
"Velo, Kevin",-0.319,379,-0.139,306,-0.501,333,-0.34,312,-1.299,355,-4.686,299,0,196
"Cantero Gutierrez, Ivan",-0.333,386,-0.143,312,-0.837,404,0.01,166,-1.302,356,10.788,32,-0.095,425
"NeSmith, Matt",-0.223,328,-0.141,310,-0.584,354,-0.358,317,-1.306,357,-4.434,293,0,199
"Winther, Jeff",0.227,55,-0.2,357,-0.701,381,-0.639,383,-1.313,358,-15.978,406,0.022,121
"Harrington, Padraig",-0.491,420,-0.03,192,-0.253,242,-0.544,362,-1.318,359,-4.372,290,-0.036,319
"Dantorp, Jens",0.017,166,-0.305,405,-0.435,307,-0.598,374,-1.321,360,-9.452,362,-0.002,209
"Besard, Matthis",-0.161,289,-0.183,345,-0.843,405,-0.147,220,-1.334,361,-1.382,214,-0.001,206
"Kisner, Kevin",0.07,132,0.031,134,-0.749,396,-0.689,390,-1.337,362,-16.864,410,0.022,122
"Jones, Matt",-0.174,297,-0.139,305,-0.431,306,-0.594,372,-1.338,363,-1.814,222,-0.066,399
"Campos, Rafael",-0.279,358,-0.328,411,-0.471,320,-0.266,287,-1.344,364,2.007,138,-0.045,352
"Kieffer, Max",-0.32,380,-0.064,230,-0.736,392,-0.224,271,-1.344,365,-10.665,377,0.046,56
"Sordet, Clement",-0.091,246,-0.004,168,-0.845,406,-0.427,338,-1.368,366,-1.905,227,-0.023,287
"Aiken, Thomas",-0.086,242,-0.129,297,-0.445,313,-0.736,398,-1.396,367,-23.357,429,0.063,33
"Molinari, Edoardo",-0.06,222,-0.052,217,-0.675,374,-0.613,380,-1.401,368,-14.359,402,0.027,103
"Bjerregaard, Lucas",-0.248,340,0.039,127,-0.65,366,-0.546,363,-1.405,369,0.992,170,-0.068,406
"Micheluzzi, David",0.106,107,0.053,113,-0.955,414,-0.612,379,-1.407,370,-4.094,286,-0.047,361
"Riedel, Matthew",-0.273,352,-0.317,408,-0.634,363,-0.203,252,-1.427,371,2.316,130,-0.027,298
"Baldwin, Matthew",-0.336,388,-0.282,394,-0.612,360,-0.208,254,-1.439,372,-8.713,356,0.025,111
"Wu, Ashun",-0.089,244,-0.021,182,-0.726,387,-0.605,376,-1.441,373,-11.822,389,0.01,154
"Morrison, James",-0.001,180,0.008,150,-0.789,399,-0.66,385,-1.443,374,-19.461,420,0.048,52
"Tarren, Callum",-0.284,361,-0.054,220,-0.552,348,-0.564,368,-1.454,375,1.245,163,-0.075,413
"Arnaus, Adri",0.091,118,-0.236,374,-0.687,376,-0.627,382,-1.459,376,-2.247,235,-0.064,394
"Chappell, Kevin",-0.28,360,-0.12,285,-0.514,341,-0.562,365,-1.476,377,-2.843,249,-0.052,371
"Colsaerts, Nicolas",-0.341,390,-0.271,390,-0.571,352,-0.297,302,-1.479,378,1.512,154,-0.04,332
"Thornberry, Braden",0.088,120,-0.041,205,-0.836,403,-0.693,391,-1.481,379,-2.345,237,-0.066,404
"Hebert, Benjamin",-0.525,422,-0.173,340,-0.263,245,-0.532,359,-1.493,380,-10.893,382,0.015,136
"Johnston, Ryggs",-0.209,323,-0.129,298,-0.818,401,-0.344,316,-1.5,381,3.884,105,-0.079,419
"Del Solar, Cristobal",-0.077,232,-0.12,286,-0.597,356,-0.706,395,-1.5,382,-1.571,219,-0.075,411
"Fisher, Ross",-0.6,430,-0.283,395,-0.372,286,-0.251,280,-1.505,383,-2.217,233,-0.021,278
"Lee, K.H.",-0.278,357,-0.083,246,-0.741,394,-0.415,334,-1.517,384,-3.913,278,-0.011,245
"Pereira, Mito",-0.052,221,-0.197,353,-0.695,377,-0.578,371,-1.521,385,1.065,166,-0.077,415
"Sharma, Shubhankar",0.027,161,-0.354,421,-0.668,371,-0.54,360,-1.535,386,-9.951,370,0,204
"Norris, Shaun",0.142,85,-0.193,349,-0.824,402,-0.661,386,-1.535,387,-7.468,345,-0.006,229
"Zanotti, Fabrizio",-0.571,427,-0.282,393,-0.413,299,-0.273,291,-1.539,388,-9.843,368,0.055,40
"Hidalgo Portillo, Angel",-0.322,381,-0.304,404,-0.632,362,-0.285,298,-1.543,389,-3.098,253,0,197
"Celli, Filippo",-0.164,290,-0.354,422,-0.738,393,-0.29,300,-1.547,390,0.846,173,-0.029,307
"Wu, Brandon",-0.048,216,0.012,147,-0.529,343,-0.994,417,-1.559,391,-12.684,392,-0.039,329
"Perez, Pat",-0.037,201,-0.001,163,-0.678,375,-0.85,409,-1.566,392,-17.328,412,0.03,94
"Tarrio, Santiago",-0.463,419,-0.058,225,-0.495,330,-0.564,367,-1.579,393,-23.659,430,0.079,14
"Garcia-Heredia, Alfredo",-0.21,324,-0.377,426,-0.775,398,-0.226,273,-1.588,394,1.962,140,-0.045,359
"Purcell, Conor",-0.432,414,-0.305,406,-0.644,365,-0.221,267,-1.602,395,-1.884,225,0.002,189
"Hadley, Chesson",-0.228,331,-0.376,425,-0.732,389,-0.282,294,-1.616,396,-0.327,199,-0.016,262
"Southgate, Matthew",-0.434,415,-0.381,427,-0.695,378,-0.13,215,-1.64,397,-5.274,311,0.028,98
"Fichardt, Darren",-0.44,416,-0.168,334,-0.669,372,-0.377,324,-1.654,398,-19.063,417,0.076,15
"Onishi, Kaito",-0.081,238,-0.153,319,-0.666,370,-0.765,406,-1.665,399,-4.569,298,-0.049,364
"Lee, Danny",-0.355,394,-0.125,290,-0.464,317,-0.734,397,-1.677,400,-10.079,371,-0.013,251
"Capan III, Frankie",0.194,65,0.063,106,-0.852,408,-1.128,425,-1.724,401,-3.056,250,-0.119,428
"Donald, Luke",-0.189,309,0.116,68,-0.439,310,-1.218,427,-1.73,402,-18.211,416,-0.019,274
"Lee, Chieh-Po",-0.278,356,-0.226,370,-0.733,390,-0.511,356,-1.747,403,-11.102,385,0.016,133
"Brun, Julien",0.003,177,0.019,142,-0.735,391,-1.04,422,-1.752,404,-12.859,394,-0.035,318
"Williams, Robin",-0.293,365,-0.244,376,-0.975,415,-0.257,284,-1.769,405,6.9,63,-0.045,358
"Forsstrom, Simon",-0.236,335,-0.34,417,-0.723,385,-0.483,350,-1.781,406,-6.572,331,-0.016,260
"Larrazabal, Pablo",-0.166,293,-0.054,218,-0.749,395,-0.826,407,-1.795,407,-10.15,372,-0.046,360
"Harding, Justin",0.002,178,-0.015,176,-0.983,416,-0.871,410,-1.866,408,-9.76,367,-0.038,323
"Horsfield, Sam",0.061,140,-0.359,423,-0.984,417,-0.604,375,-1.887,409,-0.182,194,-0.066,400
"Paul, Yannik",0.153,80,-0.111,280,-0.941,412,-1.027,420,-1.926,410,-9.034,360,-0.06,387
"Green, Gavin",-0.045,211,-0.392,429,-0.801,400,-0.756,403,-1.994,411,-7.431,344,-0.029,305
"Todd, Brendon",0.247,50,0.178,39,-1.308,427,-1.189,426,-2.072,412,-21.88,425,0.011,151
"Strydom, Ockie",-0.409,407,-0.332,413,-0.89,410,-0.445,341,-2.076,413,-2.232,234,-0.055,378
"Palmer, Ryan",-0.571,426,-0.161,326,-0.99,418,-0.387,328,-2.109,414,-6.483,330,-0.01,238
"Akesson, Bjorn",-0.236,334,-0.27,389,-1.219,424,-0.393,330,-2.118,415,2.025,137,-0.063,392
"Whitnell, Dale",-0.409,408,-0.256,384,-0.731,388,-0.738,399,-2.134,416,-10.477,374,-0.032,312
"Baddeley, Aaron",-0.073,230,0.185,36,-0.863,409,-1.389,429,-2.139,417,-16.711,409,-0.06,386
"Kim, Minkyu",-0.199,315,-0.057,224,-0.901,411,-1.024,419,-2.181,418,-11.696,388,-0.036,320
"Naidoo, Dylan",-0.3,369,-0.28,391,-1.108,422,-0.502,353,-2.189,419,-3.122,254,-0.042,344
"Ko, Jeong Weon",-0.365,396,-0.153,318,-1.052,420,-0.7,392,-2.27,420,-1.135,210,-0.082,421
"Moscatel, Joel",-0.184,307,-0.518,430,-1.344,428,-0.237,276,-2.283,421,0.936,171,-0.021,279
"Wilson, Oliver",-0.145,279,-0.098,270,-1.164,423,-0.878,412,-2.286,422,-5.901,323,-0.061,390
"Huizing, Daan",0.038,154,-0.295,398,-1.063,421,-1.008,418,-2.328,423,-12.844,393,-0.02,277
"Schwab, Matthias",-0.459,418,-0.027,187,-1.048,419,-1.059,423,-2.593,424,-15.02,403,-0.005,223
"Samooja, Kalle",-0.415,410,-0.304,403,-0.951,413,-0.99,416,-2.66,425,-5.124,307,-0.054,375
"Knappe, Alexander",-0.079,233,-0.389,428,-1.707,430,-0.551,364,-2.727,426,-0.29,198,-0.06,388
"Kjettrup, Frederik",-0.067,226,-0.29,396,-0.504,334,-1.955,431,-2.815,427,-22.373,427,-0.07,408
"De Jager, Louis",-0.366,397,-0.161,327,-1.275,426,-1.083,424,-2.885,428,3.373,115,-0.127,430
"Wiebe, Gunner",-0.31,375,-0.318,409,-1.349,429,-0.946,415,-2.923,429,-9.679,365,-0.038,325
"Swafford, Hudson",-0.316,377,-0.659,431,-1.267,425,-1.444,430,-3.686,430,-3.482,265,-0.099,426
"Trainer, Martin",-0.231,332,-0.12,284,-1.958,431,-1.381,428,-3.689,431,-4.015,282,-0.122,429
