player_name,events_played,wins,x_wins,x_wins_majors,rounds_played,shotlink_played,putt_true,arg_true,app_true,ott_true,t2g_true,total_true
"Scheffler, Scottie",9,1,1.585,0.147,36,34,0.6046397058823529,0.6892358823529412,0.7280520588235294,0.8863223529411765,2.303610294117647,2.9727208333333333
"Rahm, Jon",7,2,1.062,0,28,28,0.47798250000000003,0.4220539285714286,0.7731060714285715,0.9254342857142858,2.1205942857142857,2.5985785714285714
"Young, Cameron",9,2,2.2720000000000002,0.066,36,35,0.47893399999999997,0.34857657142857146,0.7795034285714286,0.9436688571428572,2.0717488571428575,2.5247325000000003
"Fitzpatrick, Matt",10,3,1.5299999999999998,0,40,38,0.17481105263157895,0.541821052631579,0.943646052631579,0.7294463157894736,2.2149134210526316,2.30199525
"McIlroy, Rory",8,1,0.675,0.296,30,26,0.2203526923076923,0.5241476923076923,0.7220488461538461,1.0097684615384614,2.2559649999999998,2.262380333333333
"Schauffele, Xander",9,0,0.662,0.012,34,33,0.35179030303030306,0.04674181818181818,1.000760909090909,0.7563433333333334,1.8038460606060607,2.1103664705882355
"Knapp, Jake",9,0,0.23099999999999998,0.005,34,33,0.8207263636363636,0.10335333333333334,0.5913909090909092,0.5570754545454545,1.251819696969697,2.101296470588235
"Morikawa, Collin",8,1,0.964,0.028,30,30,0.02987833333333334,0.319864,1.2216043333333333,0.4705003333333334,2.0119686666666667,2.041846
"Kim, Si Woo",13,0,0.543,0,52,45,-0.18046222222222225,0.34633222222222226,0.972188,0.6616308888888889,1.9801511111111112,1.9299990384615384
"Aberg, Ludvig",9,0,0.663,0,32,29,0.3601793103448276,0.39271655172413794,0.8399272413793104,0.6132617241379311,1.8459055172413796,1.9290737500000001
"Bridgeman, Jacob",11,1,1.061,0,44,42,1.0483390476190475,0.0020983333333333457,0.5849223809523809,0.2084140476190476,0.7954347619047618,1.8115636363636363
"Henley, Russell",10,0,0.116,0.066,36,34,0.4570438235294118,0.3936220588235294,0.5938752941176471,0.31164176470588234,1.2991391176470588,1.7735466666666668
"Koivun, Jackson",8,6,0.272,0,24,0,-9999,-9999,-9999,-9999,-9999,1.76105625
"Matsuyama, Hideki",10,0,0.396,0.001,40,39,0.3078371794871795,0.4721651282051282,0.8818841025641027,-0.031393846153846154,1.3226553846153848,1.7159817499999999
"Reed, Patrick",7,2,0.385,0.001,28,20,0.6484035,0.423563,0.695114,0.46499300000000005,1.5836700000000001,1.7121267857142857
"MacIntyre, Robert",9,0,0.503,0,34,32,0.9223915625,0.23682375,-0.40493874999999996,0.8482865625,0.6801715625,1.6633029411764706
"Gotterup, Chris",11,2,0.631,0,42,41,0.22976878048780489,0.25260195121951223,0.41518682926829265,0.745520731707317,1.4133095121951218,1.6289592857142858
"Scott, Adam",11,0,0.426,0,44,33,-0.030362727272727232,0.16681636363636365,1.1407603030303028,0.42016545454545456,1.727742121212121,1.6246420454545456
"Cantlay, Patrick",9,0,0.012000000000000002,0.001,32,29,-0.12883241379310345,0.6135262068965517,0.5831662068965516,0.5250996551724139,1.721792068965517,1.56508125
"Lee, Min Woo",12,0,0.702,0,46,36,0.3641697222222222,0.3526236111111111,0.22919333333333336,0.67816,1.2599769444444444,1.562824347826087
"McNealy, Maverick",11,0,0.012,0,42,41,0.6454814634146341,0.350579756097561,0.06091585365853657,0.43863780487804876,0.8501334146341464,1.556435238095238
"Bhatia, Akshay",11,1,1.1720000000000002,0,37,32,0.9924253125,0.1911053125,0.7885115625,-0.10599562500000001,0.87362125,1.5168754054054054
"Gerard, Ryan",14,0,0.836,0,52,45,0.23543199999999997,-0.19152022222222223,0.7487788888888889,0.3515106666666667,0.9087693333333334,1.483944423076923
"Fowler, Rickie",10,0,0.021000000000000005,0,36,34,0.5924414705882353,-0.1270670588235294,0.5279497058823529,0.41797147058823525,0.8188541176470587,1.4755977777777778
"Rose, Justin",8,1,1.002,0.066,27,24,0.20189749999999998,-0.054733333333333335,0.954225,0.16591125,1.0654029166666668,1.3926937037037037
"Schaper, Jayden",10,2,1.105,0,37,22,0.8440836363636364,0.07595090909090911,-0.18437545454545454,0.3988913636363636,0.2904668181818182,1.3874008108108107
"Burns, Sam",10,0,0.059,0.028,34,32,0.851585625,-0.2635746875,0.430655625,0.3491296875,0.516210625,1.3796158823529414
"Fleetwood, Tommy",10,0,0.395,0,40,40,0.05622075000000001,0.39097575,0.32517399999999996,0.5718565,1.28800625,1.34422675
"Lowry, Shane",12,0,0.069,0,42,42,0.2399902380952381,-0.06274404761904762,0.9241435714285715,0.23262571428571427,1.094025238095238,1.3340152380952381
"Spieth, Jordan",11,0,0.010000000000000002,0.001,42,42,0.43097047619047624,0.21687571428571428,0.5499366666666666,0.1191745238095238,0.8859869047619047,1.3169571428571427
"Hillier, Daniel",9,1,0.041,0,32,18,0.5298750000000001,-0.5969477777777779,0.41320611111111105,0.7884105555555556,0.6046688888888889,1.2950984375
"English, Harris",11,0,0.013000000000000001,0,42,39,0.7039974358974359,0.07927358974358974,-0.04117717948717945,0.5211112820512821,0.5592076923076924,1.286164761904762
"Detry, Thomas",9,0,0.011000000000000001,0,34,34,0.5312114705882353,0.027648529411764686,0.3854564705882353,0.3365970588235294,0.7497020588235294,1.280915588235294
"Theegala, Sahith",13,0,0.124,0,50,47,0.3474459574468085,0.4018776595744681,0.43652744680851063,-0.008743829787234012,0.8296612765957447,1.277254
"Crowe, Trace",3,0,0.002,0,12,4,1.4043725,-0.032327499999999953,0.12349750000000001,0.32068,0.41185000000000005,1.2466433333333333
"Hojgaard, Nicolai",12,0,0.40700000000000003,0,46,45,0.1554733333333333,0.07741066666666668,0.5199831111111111,0.4115726666666667,1.0089664444444444,1.196006956521739
"Day, Jason",10,0,0.078,0.001,36,33,0.6611878787878789,0.49818242424242426,-0.13091606060606065,0.23702666666666666,0.6042930303030303,1.1749877777777777
"Jarvis, Casey",12,2,0.10500000000000001,0,42,16,0.019649374999999976,-0.5317031249999999,0.052255625000000056,0.26907875,-0.21036874999999988,1.1479388095238097
"Hovland, Viktor",11,0,0.028999999999999998,0,42,42,0.03253095238095237,0.28304999999999997,0.6497469047619047,0.16285928571428573,1.0956561904761903,1.1281866666666667
"Smalley, Alex",12,0,0.005,0,46,43,0.2308493023255814,0.12837930232558137,0.6679146511627907,0.2235423255813953,1.0198362790697675,1.1079786956521738
"Hisatsune, Ryo",13,0,0.139,0,50,43,-0.000713720930232548,0.20580651162790697,0.5911725581395348,0.4935583720930232,1.2905374418604652,1.0897654
"Noren, Alex",10,0,0.009000000000000001,0,37,34,0.5172191176470589,0.2564444117647059,0.4726067647058823,0.04758823529411764,0.7766394117647059,1.0836827027027027
"Straka, Sepp",10,0,0.333,0,37,35,0.18725599999999998,0.18407885714285713,0.8603442857142857,0.22149771428571427,1.265920857142857,1.0810443243243244
"Cink, Stewart",7,4,0.005,0,23,0,-9999,-9999,-9999,-9999,-9999,1.072848695652174
"Taylor, Nick",13,0,0.002,0,50,48,-0.07683812500000005,0.5087622916666666,0.589533125,-0.02447041666666667,1.0738249999999998,1.059856
"Stevens, Sam",13,0,0.058,0,50,47,-0.025797446808510628,0.015695319148936182,0.4691659574468085,0.5484021276595745,1.0332634042553193,1.0507686
"Cho, Min-gyu",2,0,0.001,0,8,0,-9999,-9999,-9999,-9999,-9999,1.0439924999999999
"Kitayama, Kurt",11,0,0.652,0,41,39,0.041027692307692286,-0.2931594871794872,0.8259405128205128,0.45783948717948714,0.9906205128205128,1.017630731707317
"DeChambeau, Bryson",7,2,0.107,0,25,25,0.023038799999999998,-0.0921664,0.13612959999999996,0.8946932,0.9386564,0.9616979999999999
"Coody, Pierceson",12,0,0.103,0,41,38,0.05211815789473683,-0.3671107894736842,0.5523618421052632,0.600858947368421,0.7861100000000001,0.9554402439024391
"Putnam, Andrew",11,0,0.099,0,38,35,0.0823088571428571,0.4728382857142857,0.5617885714285714,-0.3511782857142857,0.6834485714285714,0.9449110526315788
"Puig, David",12,1,0.038000000000000006,0,44,36,0.5980927777777778,0.06299222222222223,-0.2461872222222222,0.7209355555555556,0.5377405555555556,0.9421747727272727
"Griffin, Ben",13,0,0.016,0,46,44,0.3789709090909091,0.6330279545454546,-0.08149977272727274,-0.04088681818181817,0.5106413636363637,0.9220263043478261
"Grace, Branden",8,0,0.005,0,31,24,0.3219079166666667,0.2580766666666667,0.48661875000000004,-0.12400500000000003,0.6206904166666667,0.8876335483870967
"Mitchell, Keith",12,0,0.004,0,46,43,-0.22973,0.0014574418604651241,0.3274102325581395,0.7293206976744186,1.0581883720930232,0.8872013043478261
"Yellamaraju, Sudarshan",13,0,0.22299999999999998,0,51,40,0.49730925,-0.1351605,0.33196024999999996,0.44335525000000003,0.640155,0.8712945098039215
"Gilligan, Ian",8,0,0.004,0,26,0,-9999,-9999,-9999,-9999,-9999,0.8652384615384616
"Koepka, Brooks",8,0,0.015,0.001,26,25,-0.3948316,-0.004912800000000019,0.8854088,0.3492788,1.2297748,0.865003076923077
"Hall, Harry",11,0,0.02,0,36,34,0.46193999999999996,0.44474176470588234,0.09912617647058825,-0.1942214705882353,0.3496464705882353,0.8634041666666666
"Flavin, Patrick",2,1,0.007,0,8,0,-9999,-9999,-9999,-9999,-9999,0.8186787499999999
"Woodland, Gary",11,1,0.971,0,36,33,0.47430878787878783,-0.33863848484848486,0.2097969696969697,0.6490157575757576,0.5201742424242424,0.8034180555555556
"Burgoon, Bronson",6,0,0.006,0,24,8,1.163035,-0.22677375,-0.08047374999999996,0.23470749999999999,-0.07253999999999997,0.7869775
"McCarty, Matt",15,0,0.048,0,54,47,0.28865085106382976,-0.08913446808510637,0.23539680851063827,0.1859040425531915,0.33216638297872336,0.7855461111111111
"Berger, Daniel",11,0,0.927,0,40,38,-0.039594210526315794,-0.2629797368421053,0.9005126315789473,0.1969526315789474,0.8344855263157894,0.7835832500000001
"Du Plessis, Hennie",9,0,0.003,0,33,14,0.06031999999999999,-0.01962857142857141,0.0241871428571429,0.4083535714285714,0.41291214285714295,0.7827966666666667
"Spaun, J.J.",11,1,0.208,0,34,33,-0.5348845454545454,0.10107363636363635,0.8159215151515151,0.3832942424242424,1.300289393939394,0.7610244117647058
"Fox, Ryan",12,0,0.017,0,44,36,0.1440641666666667,0.24577499999999997,0.13465944444444444,0.3609866666666667,0.7414211111111111,0.7506320454545455
"Holt, Ian",8,2,0.038,0,32,0,-9999,-9999,-9999,-9999,-9999,0.7257528124999999
"Ayora, Angel",14,0,0.003,0,53,22,0.08033681818181816,0.22785090909090908,0.13484818181818187,0.6240981818181818,0.9867972727272727,0.7174764150943396
"Stout, Preston",8,4,0.075,0,25,0,-9999,-9999,-9999,-9999,-9999,0.7089759999999999
"Hatton, Tyrrell",8,0,0.002,0.066,32,32,-0.20742812500000002,0.15769062500000003,0.34241374999999996,0.3894140625,0.8895184375,0.6820906250000001
"Fitzpatrick, Alex",12,2,0.72,0,46,18,-0.2076116666666667,0.11720666666666665,0.3969522222222222,0.5666483333333334,1.0808072222222223,0.680855
"Ballester, Jose Luis",9,0,0.011,0,36,24,-0.2267283333333333,-0.12010124999999998,-0.01949166666666666,0.8922529166666666,0.75266,0.6767116666666667
"Castillo, Ricky",10,1,0.014,0,40,33,0.08008151515151513,0.16488363636363637,-0.13495818181818184,0.286080303030303,0.31600575757575755,0.6694705
"Burmester, Dean",8,0,0.002,0,31,24,0.24289083333333336,-0.20773958333333334,0.02058625,0.7201929166666666,0.5330395833333333,0.6618270967741935
"Meissner, Mac",10,0,0.001,0,34,31,0.07690612903225807,0.05431387096774195,0.3647929032258065,0.1410906451612903,0.5601974193548388,0.655555
"Vincent, Scott",6,0,0.002,0,24,24,1.078625,0.08953458333333335,-0.4108441666666667,-0.10638333333333333,-0.4276929166666666,0.65093375
"Thorbjornsen, Michael",12,0,0.198,0,43,40,-0.252765,0.365164,0.09311475,0.32404275000000005,0.7823215000000001,0.6496788372093023
"Bradley, Keegan",10,0,0.002,0,34,33,0.08867636363636362,0.37232939393939396,-0.16376999999999997,0.3704921212121212,0.5790515151515152,0.6495614705882353
"Leishman, Marc",8,0,0,0,32,24,0.4170008333333333,0.03848416666666666,0.15891875,-0.13014,0.06726291666666664,0.649148125
"Smith, Jordan",13,0,0.016,0,44,41,-0.11055926829268291,-0.09021560975609755,0.30331658536585365,0.5581363414634146,0.7712373170731708,0.6357870454545455
"Lee, Richard",9,0,0.034,0,34,24,0.6214604166666667,-0.24723708333333336,-0.15445541666666665,0.2644975,-0.137195,0.6320741176470588
"Parry, John",13,0,0.003,0,51,37,0.09641864864864869,0.09472189189189188,0.10029270270270269,0.013698918918918928,0.2087135135135135,0.6288903921568628
"Bezuidenhout, Christiaan",12,0,0.034,0,43,33,0.4465733333333333,0.34046545454545457,0.18986272727272727,-0.28580969696969694,0.2445184848484849,0.6182555813953489
"Clark, Wyndham",11,0,0.001,0,40,37,-0.24321,0.31267594594594594,0.44891243243243245,0.07759243243243243,0.8391808108108109,0.6092825000000001
"Cauley, Bud",11,0,0.004,0,41,39,-0.4661074358974359,0.33745384615384616,0.5589443589743589,0.1520697435897436,1.0484679487179487,0.6060851219512196
"Rodgers, Patrick",13,0,0.055999999999999994,0,48,45,0.3129162222222222,0.11174222222222223,0.180552,0.02549644444444445,0.31779066666666667,0.6025108333333332
"Conners, Corey",10,0,0.015,0,38,38,-0.14570342105263162,-0.0766642105263158,0.6677410526315789,0.15162842105263158,0.7427052631578948,0.5970018421052632
"Jaeger, Stephan",10,0,0.038,0,35,32,0.4172740625,0.3296646875,-0.08012374999999997,-0.1683778125,0.08116312500000003,0.58539
"Reitan, Kristoffer",12,1,0.609,0,42,41,0.1965712195121951,0.08437341463414635,-0.37905390243902437,0.6372363414634147,0.3425558536585367,0.575102380952381
"Bauchou, Zach",11,0,0.001,0,40,33,0.16974242424242422,0.20683909090909092,0.27808272727272726,-0.20482787878787878,0.2800939393939394,0.5638120000000001
"Olesen, Thorbjorn",10,0,0.002,0,32,31,-0.13208258064516126,0.054106774193548396,0.38915516129032257,0.29372935483870966,0.7369912903225806,0.542770625
"Thompson, Davis",10,0,0,0,35,28,-0.38831607142857144,0.09402357142857143,0.4278739285714286,0.2845067857142857,0.8064042857142858,0.5323617142857143
"Johnson, Michael",9,0,0,0,34,0,-9999,-9999,-9999,-9999,-9999,0.5303729411764706
"Ancer, Abraham",8,0,0.005,0,32,24,0.16034,0.007913333333333347,0.57432,-0.008307500000000015,0.5739258333333334,0.524148125
"Homa, Max",11,0,0,0.012,38,35,0.29573485714285713,-0.06640657142857144,0.15243542857142856,0.19931428571428572,0.28534314285714285,0.511653947368421
"Cole, Eric",11,0,0,0,36,31,0.34618967741935486,0.5362387096774194,0.15689903225806454,-0.6823474193548387,0.010790322580645273,0.49146555555555554
"McGreevy, Max",12,0,0,0,40,37,-0.4631762162162162,0.08229675675675677,0.4672548648648649,0.3311472972972973,0.8806989189189189,0.480056
"Lindell, Oliver",12,0,0.001,0,47,24,0.289925,0.07940916666666666,0.56067375,-0.28641,0.3536729166666666,0.4734857446808511
"Maas, Christian",7,1,0.005,0,22,4,0.05064000000000002,0.6834450000000001,0.12519749999999996,0.6573925,1.4660350000000002,0.46590681818181817
"Guerrier, Julien",10,0,0.009000000000000001,0,38,24,0.3945666666666667,0.09263416666666668,0.23415708333333332,0.33890666666666663,0.6656979166666667,0.44448263157894735
"Kim, Michael",12,0,0.092,0,41,39,0.5690941025641026,0.17966179487179487,0.06810692307692309,-0.3731671794871795,-0.1253984615384615,0.4339685365853658
"Eichhorn, Hunter",9,0,0.001,0,32,0,-9999,-9999,-9999,-9999,-9999,0.43333375
"Dumont De Chassart, Adrien",10,0,0.002,0,36,29,0.014367931034482776,0.38397931034482763,0.11298896551724137,-0.039869999999999996,0.45709827586206897,0.4332977777777778
"Ferguson, Ewen",11,0,0.008,0,38,22,-0.0061813636363635925,-0.22589454545454546,0.7250254545454545,0.21054818181818183,0.7096790909090909,0.4258531578947369
"Akina, Kihei",9,2,0,0,29,0,-9999,-9999,-9999,-9999,-9999,0.42034758620689655
"Molinari, Francesco",6,0,0.01,0,22,14,-0.7243635714285714,-0.013162142857142836,0.7938907142857142,0.10932571428571428,0.8900542857142857,0.41586999999999996
"Ramey, Chad",11,0,0.002,0,42,37,0.7179435135135135,-0.10203540540540541,-0.1838381081081081,0.02301918918918918,-0.2628543243243243,0.41582571428571424
"Chacarra, Eugenio",13,0,0.279,0,45,20,-0.197374,0.028362500000000002,-0.3279645,0.21687249999999997,-0.08272950000000003,0.41500444444444445
"Oosthuizen, Louis",7,0,0,0,27,24,0.7375670833333334,-0.14070833333333332,-0.06231,-0.30028333333333335,-0.5033016666666666,0.4121140740740741
"Li, Haotong",12,0,0.009000000000000001,0,36,33,-0.07569666666666665,-0.1733030303030303,0.28451424242424245,0.40775515151515146,0.5189663636363636,0.41154083333333336
"Roy, Kevin",10,0,0.005,0,37,34,0.2064502941176471,0.33539852941176473,-0.3706755882352941,0.28347323529411766,0.24819617647058828,0.40531567567567567
"Smotherman, Austin",12,0,0.07400000000000001,0,36,33,-0.47413393939393944,-0.4394269696969697,0.8671881818181818,0.41048575757575756,0.8382469696969697,0.40429027777777776
"Wallace, Matt",12,0,0.092,0,43,38,0.11450105263157893,0.20784447368421052,0.22395078947368421,0.07684026315789474,0.5086355263157895,0.3792004651162791
"Moore, Taylor",9,0,0.049,0,32,29,0.2535286206896552,0.25316551724137937,-0.6291086206896552,0.4167241379310345,0.04078103448275866,0.377301875
"VanArragon, Caleb",9,0,0.002,0,36,0,-9999,-9999,-9999,-9999,-9999,0.36082333333333333
"Ortiz, Carlos",9,0,0.001,0,34,26,-0.4021896153846154,0.2309780769230769,0.363088076923077,0.07460846153846153,0.6686746153846154,0.35526382352941177
"Armitage, Marcus",11,0,0.003,0,41,20,0.406353,0.549709,-0.2038705,-0.0445285,0.30130999999999997,0.3479092682926829
"Munoz, Sebastian",8,0,0,0,32,24,0.23002083333333334,-0.17050791666666668,0.4420854166666666,-0.05899958333333333,0.21257791666666662,0.336648125
"Dossey, Cooper",9,0,0,0,32,0,-9999,-9999,-9999,-9999,-9999,0.3329584375
"Lindberg, Mikael",10,1,0.009000000000000001,0,37,16,-0.19360999999999998,-0.10071875,0.036759374999999976,1.0770375,1.013078125,0.33014999999999994
"Hojgaard, Rasmus",9,0,0,0,32,27,0.5250751851851851,-0.39430111111111116,0.2888833333333333,0.24163333333333337,0.1362155555555556,0.3275390625
"Zalatoris, Will",5,0,0.001,0,16,13,-0.5257730769230768,0.05689538461538462,0.5422315384615385,0.23024769230769232,0.8293746153846153,0.32089875000000007
"Pieters, Thomas",6,0,0.003,0,24,24,-0.10014333333333332,-0.0006358333333333401,0.23777166666666663,0.18060541666666666,0.41774124999999995,0.31760041666666666
"Scott, Sandy",8,0,0.022,0,32,0,-9999,-9999,-9999,-9999,-9999,0.30701937500000004
"Ewart, A.J.",11,0,0.001,0,38,31,0.4052664516129032,0.052374193548387106,-0.16485516129032257,-0.09406645161290321,-0.2065474193548387,0.3066542105263158
"Kim, S.H.",12,0,0.003,0,42,27,0.38630037037037035,0.14194074074074073,-0.4946096296296296,0.18632629629629632,-0.16634259259259257,0.30632952380952383
"Johnson, Dustin",8,0,0,0,30,30,0.5761056666666666,0.2962753333333333,-0.5730936666666666,0.006864333333333353,-0.26995399999999997,0.30615333333333333
"Brown, Blades",12,0,0.062,0,42,12,0.137225,-0.21285333333333334,-0.11938333333333333,-0.22660249999999996,-0.5588391666666666,0.3034445238095238
"Poston, J.T.",10,0,0,0,34,32,-0.09507531250000001,-0.1501975,0.17950531249999999,0.24300812500000002,0.27231593750000005,0.29883235294117644
"Herbert, Lucas",9,0,0.005,0,34,24,-0.29899583333333335,0.09033208333333335,0.1269366666666667,0.2743245833333333,0.4915933333333334,0.2874288235294118
"McCarthy, Denny",12,0,0.002,0,42,39,0.42494512820512814,0.055131282051282045,0.08910384615384616,-0.24180512820512817,-0.09756999999999999,0.2826835714285714
"Novak, Andrew",13,0,0.03,0,45,42,-0.3085145238095238,0.18236809523809525,0.2296964285714286,0.09863880952380952,0.5107033333333334,0.27213
"Docherty, Alistair",8,1,0.055,0,26,0,-9999,-9999,-9999,-9999,-9999,0.27033307692307695
"Bradbury, Dan",12,1,0.401,0,39,20,0.04631250000000001,-0.190549,0.4791265,0.46464550000000004,0.7532230000000001,0.2693987179487179
"Harman, Brian",11,0,0.039,0,41,39,-0.09704641025641027,0.2919782051282051,0.23285487179487177,-0.16319692307692307,0.3616361538461538,0.263599756097561
"Brennan, Michael",12,0,0,0,39,32,-0.336689375,-0.440045625,0.20359781249999997,0.8259915624999999,0.58954375,0.2568605128205128
"Eckroat, Austin",10,0,0.001,0,33,26,-0.10050153846153843,-0.2381842307692308,0.4182873076923077,0.0961646153846154,0.2762676923076923,0.25084181818181817
"Pavon, Matthieu",11,0,0.001,0,38,31,0.7191351612903225,-0.007039354838709673,-0.5403029032258065,0.015468064516129032,-0.5318741935483872,0.2503423684210527
"Hodges, Lee",9,0,0.003,0,31,28,0.09617607142857139,-0.2722364285714286,0.24093535714285713,0.2638314285714286,0.23253035714285708,0.24975806451612903
"Ford, David",9,0,0.003,0,30,23,-0.028721304347826087,-0.23122739130434783,0.11665521739130434,0.380525652173913,0.2659534782608695,0.23437999999999998
"Thomas, Justin",6,0,0.092,0,22,22,-0.43450000000000005,0.42838045454545454,0.10273090909090911,0.13454999999999995,0.6656613636363635,0.23116272727272727
"James, Ben",6,0,0,0,18,0,-9999,-9999,-9999,-9999,-9999,0.23043111111111111
"Carr, Ben",5,0,0.001,0,18,0,-9999,-9999,-9999,-9999,-9999,0.22906777777777781
"Russell, Miles",7,1,0.002,0,24,0,-9999,-9999,-9999,-9999,-9999,0.22091583333333334
"Lipsky, David",9,0,0.037000000000000005,0,32,25,0.09868360000000001,0.23066960000000003,0.04961639999999998,-0.1601564,0.1201296,0.21077000000000004
"Ding, Wenyi",11,0,0.001,0,40,12,0.06888749999999999,0.12509166666666668,-0.1563083333333333,-0.059673333333333335,-0.09088999999999994,0.20579699999999995
"Dahmen, Joel",10,0,0.03,0,30,27,-0.31934444444444443,-0.37489259259259256,0.20557407407407405,0.32444370370370373,0.15512518518518525,0.18903999999999996
"Kim, Tom",10,0,0,0,36,33,-0.31411393939393945,0.26581272727272726,0.2101421212121212,-0.09227878787878786,0.3836760606060606,0.17779527777777776
"Fernandez Valdes, Jorge",10,0,0,0,38,0,-9999,-9999,-9999,-9999,-9999,0.1745778947368421
"Blair, Zac",9,0,0,0,32,8,-0.205655,-0.31822624999999993,0.59529,-0.74703625,-0.4699724999999999,0.16903531250000003
"Hammer, Cole",8,0,0.002,0,26,2,-1.818305,0.046715000000000007,2.4912,-1.01858,1.519335,0.16435076923076924
"Ventura, Kris",8,0,0,0,21,16,0.36593625,-0.5023412500000001,-0.20130749999999997,0.47161375,-0.23203500000000005,0.1628914285714286
"Kimsey, Nathan",13,0,0,0,43,12,-0.012259999999999967,-0.05467333333333333,0.21447166666666662,0.6061941666666667,0.7659925,0.16151162790697676
"Power, Seamus",10,0,0.005,0,34,29,0.15337620689655176,0.31130482758620687,-0.25507586206896554,-0.05366310344827586,0.0025658620689654743,0.15785411764705878
"Smith, Cameron",9,0,0.009,0,32,26,0.6260219230769231,0.7712707692307692,-0.7936069230769232,-0.5679711538461538,-0.5903073076923078,0.15506374999999997
"Dou, Zecheng",11,0,0.005,0,36,29,-0.025767241379310333,0.3471793103448276,0.6174179310344827,-0.45078241379310346,0.5138148275862069,0.14109916666666666
"Andersen, Mason",9,0,0,0,32,0,-9999,-9999,-9999,-9999,-9999,0.13746281249999998
"Couvra, Martin",12,0,0,0,43,26,0.2851592307692308,-0.06822884615384614,-0.5518976923076924,0.26686807692307696,-0.3532584615384615,0.13483348837209302
"Elvira Mijares, Ignacio",10,1,0.023,0,31,20,0.5547880000000001,0.1899725,-0.014708999999999995,-0.014161000000000002,0.16110249999999998,0.13273354838709675
"Ryder, Sam",8,0,0,0,26,21,0.6671228571428571,-0.33841666666666664,0.44184285714285715,-0.18052809523809524,-0.07710190476190476,0.11603153846153849
"Gooch, Talor",6,0,0,0,24,24,0.13896083333333337,0.14737208333333335,-0.08805125000000001,-0.08901583333333335,-0.029695000000000027,0.10926708333333329
"Rozner, Antoine",11,0,0,0,37,20,-0.09532349999999999,0.07122250000000001,0.337477,-0.3716435,0.03705600000000002,0.10742648648648646
"Hill, Calum",11,0,0.02,0,37,18,1.0336538888888889,-0.05398777777777778,-0.14798555555555554,-0.5316972222222222,-0.7336705555555554,0.10608081081081082
"Ghim, Doug",9,0,0,0,31,24,-0.26278583333333333,0.2702970833333333,-0.03311625000000001,0.33884791666666664,0.5760287499999999,0.10405483870967744
"Campillo, Jorge",12,0,0.012,0,39,16,0.14721062499999998,-0.32047,0.504794375,-0.159194375,0.02513000000000004,0.10298128205128201
"Fisk, Steven",10,0,0.001,0,33,30,0.21957466666666664,0.07185933333333332,-0.07569366666666667,-0.13442666666666667,-0.13826100000000002,0.10079303030303027
"Vilips, Karl",11,0,0.001,0,34,29,0.6948320689655173,-0.24711862068965515,0.15537275862068964,-0.43246620689655174,-0.5242120689655173,0.09944441176470586
"Mouw, William",10,0,0.003,0,33,30,-0.08617333333333334,-0.23761633333333335,0.17742033333333335,0.22524266666666665,0.16504666666666665,0.09455030303030301
"Griffin, Lanto",7,0,0,0,19,10,0.432584,0.196201,-0.593415,0.046827999999999995,-0.3503860000000001,0.08828421052631577
"Gandon, Jeremy",9,1,0.015,0,32,0,-9999,-9999,-9999,-9999,-9999,0.08596375000000005
"Pendrith, Taylor",12,0,0.003,0,39,36,-0.4740086111111111,-0.013156111111111122,0.0941225,0.5421883333333333,0.6231547222222221,0.08008179487179487
"Johnson, Zach",8,1,0,0,26,8,0.7917225000000001,0.1716825,-0.65306625,-0.40805250000000004,-0.8894362499999999,0.07931076923076923
"Uihlein, Peter",7,0,0.003,0,28,24,0.5064316666666667,0.26262083333333336,0.39438124999999996,-1.01250125,-0.35549916666666664,0.07897464285714283
"Hughes, Mackenzie",10,0,0,0,31,28,0.3993275,0.23254678571428572,-0.2571175,-0.14312821428571426,-0.16769892857142854,0.07652806451612905
"Rai, Aaron",8,0,0,0,28,28,-0.5215189285714286,0.18589285714285714,0.34465428571428575,0.06711285714285715,0.5976600000000001,0.07613892857142857
"Ponder, Thomas",3,0,0,0,12,0,-9999,-9999,-9999,-9999,-9999,0.07594250000000001
"Howell III, Charles",6,0,0,0,24,24,0.4049829166666667,0.19728916666666665,-0.6438645833333333,0.10919041666666666,-0.33738500000000005,0.06760041666666665
"Wolff, Matthew",6,0,0.001,0,24,24,0.1792016666666667,-0.3810366666666667,-0.05142333333333334,0.32085749999999996,-0.11160250000000005,0.06760041666666665
"Bramlett, Joseph",9,0,0.003,0,32,0,-9999,-9999,-9999,-9999,-9999,0.06003625000000007
"Kinoshita, Ryosuke",6,0,0,0,23,0,-9999,-9999,-9999,-9999,-9999,0.057748260869565166
"Semikawa, Taiga",3,0,0,0,12,0,-9999,-9999,-9999,-9999,-9999,0.0520066666666667
"Sherwood, Cole",9,0,0,0,34,0,-9999,-9999,-9999,-9999,-9999,0.044133823529411725
"Finau, Tony",12,0,0.013999999999999999,0,41,38,0.028041052631578994,0.38208894736842103,-0.06218947368421052,-0.3506057894736842,-0.030706315789473693,0.040307804878048775
"Olesen, Jacob Skov",13,0,0.002,0,47,26,0.4932588461538462,0.1169573076923077,-0.20275384615384612,-0.18040576923076923,-0.2662023076923077,0.03962914893617022
"Brown, Dan",10,0,0,0,31,24,-0.06427916666666667,-0.16735291666666666,0.19342041666666665,0.15264666666666665,0.17871416666666665,0.0388448387096774
"Neergaard-Petersen, Rasmus",12,1,0.024,0,42,31,-0.27778387096774193,-0.12013096774193548,0.18770354838709677,0.4366593548387097,0.504231935483871,0.025173571428571434
"Wiesberger, Bernd",11,1,0.234,0,38,12,-1.0243358333333334,0.0014608333333333372,-0.30224,-0.049902500000000016,-0.35068166666666667,0.02503342105263157
"Greyserman, Max",11,0,0,0,32,29,0.17835344827586208,-0.009998965517241389,-0.009891724137931069,-0.42149551724137935,-0.4413862068965518,0.017487812500000005
"McKibbin, Tom",11,0,0.001,0,40,40,-0.30259050000000004,0.23411200000000001,-0.49336450000000004,0.56804875,0.30879625,0.006208000000000003
"Ham, Jeong Woo",4,1,0.007,0,14,0,-9999,-9999,-9999,-9999,-9999,0.004694285714285699
"Niemann, Joaquin",9,0,0.002,0,30,26,-0.6864711538461539,0.1889273076923077,0.1987376923076923,0.8006049999999999,1.18827,-0.005380000000000044
"Surratt, Caleb",8,0,0,0,32,24,0.3122116666666666,0.02014583333333333,-0.81094375,0.21285083333333332,-0.5779470833333333,-0.009422812500000044
"Harris, Frankie",7,2,0,0,20,0,-9999,-9999,-9999,-9999,-9999,-0.018038499999999937
"Coussaud, Ugo",10,0,0.055,0,36,14,-0.09979714285714285,0.3791857142857143,0.00656500000000002,0.12157285714285718,0.5073235714285715,-0.03001527777777777
"Pavan, Andrea",5,0,0,0,17,10,0.974769,0.24096700000000001,-0.6702779999999999,0.284644,-0.1446669999999999,-0.0366664705882353
"Da Costa Rodrigues, Daniel",11,0,0.001,0,40,12,0.53164,0.25581000000000004,-0.38330333333333333,-0.3170808333333333,-0.44457416666666655,-0.043949
"Im, Sungjae",8,0,0.005,0,28,24,0.029450833333333343,0.39954958333333335,-0.35900041666666666,0.2094216666666667,0.2499708333333334,-0.04895678571428565
"Kirk, Chris",10,0,0.001,0,31,29,-0.44433310344827587,-0.08161241379310345,0.35186965517241375,0.21113862068965517,0.48139586206896545,-0.053384516129032236
"Jordan, Matthew",8,0,0,0,28,12,-0.3341191666666667,0.1096775,-0.19879,-0.28511916666666665,-0.37423166666666663,-0.053673928571428595
"Longmire, David",2,0,0,0,8,0,-9999,-9999,-9999,-9999,-9999,-0.05632124999999999
"Lamb, Davis",9,1,0.093,0,30,0,-9999,-9999,-9999,-9999,-9999,-0.057090333333333375
"Whaley, Vince",11,0,0,0,33,26,1.1235565384615385,-0.10826192307692308,-0.5188403846153846,-0.5214276923076923,-1.14853,-0.05883090909090903
"Schott, Freddy",10,1,0.006,0,32,10,0.49092900000000006,0.12722499999999998,-0.565767,0.275403,-0.16313900000000003,-0.07901437499999997
"Smylie, Elvis",11,1,0.033,0,40,30,0.3945086666666667,-0.15209233333333336,-0.20927733333333337,-0.08476933333333332,-0.44613900000000006,-0.09353875
"Westwood, Lee",4,0,0.005,0,16,16,0.20145437500000005,-0.248328125,0.06498999999999999,-0.12110062499999999,-0.30443875,-0.10298125000000002
"Kaneko, Kota",11,0,0,0,42,16,1.013239375,0.27364374999999996,-0.7258981250000001,-0.461839375,-0.9140937500000001,-0.10377047619047619
"Hoge, Tom",13,0,0.009000000000000001,0,42,39,-0.08790384615384617,-0.27275435897435896,0.3753148717948718,-0.32966641025641025,-0.22710589743589743,-0.10472857142857145
"Menante, Dylan",9,1,0.945,0,28,0,-9999,-9999,-9999,-9999,-9999,-0.11601035714285719
"Garcia, Sergio",8,0,0.002,0,32,32,-0.47886968750000003,0.18317375,0.14660625000000002,0.025754374999999996,0.355534375,-0.12333437500000007
"Trace, Travis",4,0,0,0,14,0,-9999,-9999,-9999,-9999,-9999,-0.13177214285714292
"Hossler, Beau",9,0,0,0,27,20,0.5515100000000001,0.280405,-0.41828450000000006,-0.1999875,-0.33786700000000003,-0.14077666666666672
"Sides, William",8,3,0,0,22,0,-9999,-9999,-9999,-9999,-9999,-0.14463954545454552
"Shore, Davis",9,0,0.001,0,32,0,-9999,-9999,-9999,-9999,-9999,-0.151570625
"Ritchie, JC",11,0,0,0,37,14,0.87326,-0.26954285714285714,0.02875785714285715,-0.29637714285714284,-0.5371621428571428,-0.1538062162162162
"Choi, Chan",4,1,0,0,16,0,-9999,-9999,-9999,-9999,-9999,-0.163153125
"Sloan, Roger",9,0,0.001,0,32,0,-9999,-9999,-9999,-9999,-9999,-0.17051281250000005
"Horschel, Billy",12,0,0.001,0,42,39,0.1969902564102564,-0.19507,0.19719205128205128,-0.24212871794871796,-0.24000666666666667,-0.17517261904761905
"Streelman, Kevin",7,0,0,0,23,16,0.32522625000000005,0.02890000000000002,-0.319070625,-0.2345275,-0.5246981249999999,-0.17609217391304346
"Penge, Marco",13,0,0.007,0,44,39,-0.0522076923076923,-0.24780102564102563,-0.4669553846153846,0.6601961538461538,-0.054560256410256414,-0.17918977272727274
"Pereira, Corey",2,0,0,0,8,0,-9999,-9999,-9999,-9999,-9999,-0.18132125
"Truslow, Austen",7,1,0.001,0,26,0,-9999,-9999,-9999,-9999,-9999,-0.18155884615384618
"Schmid, Matti",12,0,0,0,43,36,0.1708436111111111,0.02637888888888888,-0.37377444444444446,0.006654722222222205,-0.3407408333333334,-0.18237325581395344
"Varner III, Harold",6,0,0.001,0,24,24,-0.24744749999999996,-0.15899125,0.13924791666666667,0.08478958333333335,0.06504625,-0.1823995833333333
"Van Tonder, Daniel",12,1,0,0,41,12,-1.151765,0.0574916666666667,-0.09868749999999998,0.4535833333333333,0.4123875,-0.18468317073170737
"Lee, Sangyeop",3,1,0.025,0,8,0,-9999,-9999,-9999,-9999,-9999,-0.18533249999999996
"Forrest, Grant",9,0,0,0,34,24,0.66825,-0.0350575,-0.29804708333333335,0.26678583333333333,-0.06631875000000001,-0.18771735294117647
"Otaegui, Adrian",11,0,0.018000000000000002,0,38,16,-0.49153500000000006,0.04609187499999999,0.06140687499999997,-0.972443125,-0.864944375,-0.18846105263157895
"Del Rey, Alejandro",11,0,0,0,41,22,-0.05106363636363634,-0.3731945454545454,-0.04142590909090908,0.3311490909090909,-0.0834713636363636,-0.19051000000000004
"Potgieter, Aldrich",13,0,0.217,0,40,34,-0.3810985294117647,-0.3335044117647059,-0.03747264705882353,0.5975894117647059,0.22661235294117654,-0.19106925000000002
"Hoey, Rico",12,0,0,0,41,40,-0.22554400000000002,-0.2926925,0.02404275,0.29934025000000003,0.03069050000000001,-0.1994568292682927
"Kohles, Ben",10,0,0,0,31,4,-0.25055000000000005,-0.04853749999999998,0.363905,-0.107655,0.2077125,-0.20462161290322578
"Valimaki, Sami",10,0,0,0,31,28,0.11929321428571425,-0.14785714285714288,0.06360357142857143,-0.1697132142857143,-0.25396678571428577,-0.20808064516129032
"Pepperell, Eddie",10,0,0,0,35,10,0.10882999999999995,0.014756000000000009,-0.28082700000000005,-0.301531,-0.567602,-0.21359628571428568
"Weaver, Tyler",7,1,0,0,20,0,-9999,-9999,-9999,-9999,-9999,-0.2182025
"Cabrera Bello, Rafa",11,0,0,0,36,14,0.34859142857142855,-0.12099999999999997,0.7008442857142857,-0.5266321428571429,0.05321214285714285,-0.21824861111111105
"Pak, John",9,0,0.015,0,34,0,-9999,-9999,-9999,-9999,-9999,-0.22680764705882364
"Fischer, Tom",7,1,0,0,20,0,-9999,-9999,-9999,-9999,-9999,-0.23552800000000004
"Snyman, Ian",5,0,0,0,18,0,-9999,-9999,-9999,-9999,-9999,-0.2408738888888889
"Lebioda, Hank",10,0,0,0,33,26,-0.00589500000000001,-0.16918692307692307,0.10100653846153847,0.053825384615384615,-0.014354999999999979,-0.25006727272727275
"Svensson, Adam",9,0,0,0,27,20,-0.8414075000000001,0.165499,0.220004,0.021150499999999996,0.4066535,-0.25070037037037035
"Kanaya, Takumi",11,0,0,0,39,34,0.4840135294117647,0.25657117647058825,-0.8041038235294118,-0.008404411764705888,-0.5559370588235294,-0.2517694871794872
"De Castro Piera, Alejandro",6,1,0,0,18,0,-9999,-9999,-9999,-9999,-9999,-0.2564094444444444
"Stone, Brandon",11,0,0,0,40,14,-0.29590285714285713,-0.11269785714285716,-0.20681928571428568,0.3632192857142857,0.043702142857142856,-0.2568135
"Kim, Anthony",7,1,0.168,0,27,24,-0.17821583333333332,-0.027606666666666658,0.36890833333333334,-0.5121541666666667,-0.17085250000000002,-0.27862
"Wu, Dylan",9,0,0,0,28,21,-0.28505095238095235,-0.10896714285714289,0.09617666666666666,-0.10000380952380954,-0.11279428571428576,-0.28858678571428575
"Yonezawa, Ren",7,1,0,0,25,4,-0.8332125,0.740895,0.7989425,0.17876,1.7185975,-0.299782
"Song, Younghan",8,0,0,0,32,24,-0.09981916666666668,-0.30142416666666666,0.006732499999999971,-0.32955708333333333,-0.62424875,-0.30187312499999996
"Lawrence, Thriston",11,0,0,0,35,14,-0.2301007142857143,-0.08103142857142855,-0.3029585714285714,0.34006285714285717,-0.04392714285714279,-0.3040382857142857
"Simpson, Webb",5,0,0,0,13,13,0.41214230769230764,-0.1428446153846154,-0.07668153846153848,-0.5000846153846153,-0.7196107692307692,-0.3074684615384615
"Choi, Jinho",3,0,0,0,12,0,-9999,-9999,-9999,-9999,-9999,-0.3104158333333333
"Keefer, Johnny",12,0,0.095,0,36,33,-0.6502318181818182,-0.4181584848484849,0.1342342424242424,0.5112342424242424,0.22730999999999996,-0.3111797222222223
"Nicholas, James",9,1,0.029,0,26,0,-9999,-9999,-9999,-9999,-9999,-0.3257619230769231
"Sewell, Chad",9,0,0,0,28,0,-9999,-9999,-9999,-9999,-9999,-0.33084035714285714
"Perez, Victor",7,0,0,0,28,28,0.213115,-0.14906214285714287,-0.6620092857142856,0.2654228571428571,-0.5456485714285714,-0.3325317857142857
"Glover, Lucas",9,0,0,0,25,25,-0.41872360000000003,-0.12990000000000002,0.2693076,-0.054139999999999994,0.08526759999999997,-0.3334568
"Oliva Pinto, Segundo",5,0,0,0,18,0,-9999,-9999,-9999,-9999,-9999,-0.3368588888888888
"Dickson, Taylor",8,1,0.009,0,28,0,-9999,-9999,-9999,-9999,-9999,-0.34341499999999997
"Noh, S.Y.",8,0,0.02,0,23,0,-9999,-9999,-9999,-9999,-9999,-0.35220782608695655
"Skinns, David",8,0,0,0,25,6,0.7085383333333333,0.41647000000000006,-0.28382500000000005,-0.12761666666666666,0.005028333333333357,-0.35689319999999997
"Young, Carson",10,0,0.003,0,35,12,0.23156083333333333,0.11410166666666666,-0.45388,-0.14369333333333337,-0.48347166666666674,-0.3595428571428571
"Norris, Shaun",10,0,0.011,0,32,12,0.6773158333333335,-0.2374858333333333,0.004371666666666663,-0.3539558333333333,-0.58707,-0.36564874999999997
"Van Driel, Darius",12,0,0,0,43,18,-0.029287777777777777,-0.12709055555555554,-0.10901277777777778,-0.005186666666666661,-0.24128999999999998,-0.3692702325581395
"Voke, Nick",13,0,0,0,49,0,-9999,-9999,-9999,-9999,-9999,-0.3707508163265307
"Laporta, Francesco",10,0,0.002,0,30,12,-0.06513333333333333,-0.2435225,-0.3016083333333333,0.10884333333333333,-0.43628749999999994,-0.37565533333333334
"Buckley, Hayden",9,0,0,0,28,0,-9999,-9999,-9999,-9999,-9999,-0.38459678571428574
"Smyth, Trav",9,2,0.001,0,34,4,0.592255,-0.04946249999999999,-0.5727625000000001,-2.4716425,-3.0938675000000004,-0.3872788235294117
"Mun, Doyeob",5,0,0,0,18,0,-9999,-9999,-9999,-9999,-9999,-0.3886777777777778
"Taylor, Ben",9,0,0.003,0,34,0,-9999,-9999,-9999,-9999,-9999,-0.38890735294117645
"Redman, Doc",9,1,0.024,0,36,0,-9999,-9999,-9999,-9999,-9999,-0.3891766666666666
"Echavarria, Nico",12,1,0.314,0,37,35,0.024710285714285744,-0.30629399999999996,-0.18564885714285717,-0.09317371428571428,-0.5851165714285714,-0.39126378378378374
"Chang, Paul",8,2,0,0,23,0,-9999,-9999,-9999,-9999,-9999,-0.39428999999999986
"Gomez, Fabian",8,0,0,0,26,0,-9999,-9999,-9999,-9999,-9999,-0.3962496153846154
"Saddier, Adrien",10,0,0,0,30,25,0.001008399999999976,-0.1308548,-0.1270716,0.20156359999999998,-0.05636280000000002,-0.39634366666666665
"De Leo, Gregorio",11,0,0,0,40,12,0.7862399999999999,-0.37700666666666666,-0.02852833333333327,-0.21030583333333333,-0.6158408333333333,-0.396838
"Springer, Hayden",10,0,0,0,38,4,1.78106,0.05325750000000001,-0.375755,-0.5505625,-0.87306,-0.3969157894736842
"Moldovan, Maxwell",7,0,0,0,26,0,-9999,-9999,-9999,-9999,-9999,-0.40297807692307686
"Scrivener, Jason",12,0,0,0,39,12,0.3574000000000001,-0.1792391666666667,-0.020766666666666638,-0.24214833333333333,-0.4421541666666666,-0.4040194871794872
"Chandler, Will",9,0,0,0,30,0,-9999,-9999,-9999,-9999,-9999,-0.42460833333333337
"Leach, Greyson",2,0,0,0,8,0,-9999,-9999,-9999,-9999,-9999,-0.43132125
"Savoie, Joey",2,0,0,0,8,0,-9999,-9999,-9999,-9999,-9999,-0.43132125
"Newcomb, Patrick",2,0,0,0,8,0,-9999,-9999,-9999,-9999,-9999,-0.43132125000000004
"Kokrak, Jason",6,0,0,0,24,24,0.12710541666666664,-0.2007441666666667,-0.06159875,-0.29716458333333334,-0.5595075,-0.43239958333333334
"An, Byeong Hun",6,0,0,0,24,24,-0.6467808333333332,0.006195833333333335,0.03906541666666665,0.16911791666666667,0.21437916666666668,-0.43239958333333334
"Steele, Brendan",6,0,0,0,24,24,-0.4690383333333333,-0.27259916666666667,0.28799875,0.02123833333333334,0.036637916666666714,-0.43239958333333334
"Korte, Chris",5,0,0.02,0,15,0,-9999,-9999,-9999,-9999,-9999,-0.43796
"Tangkamolprasert, Pavit",7,0,0,0,26,0,-9999,-9999,-9999,-9999,-9999,-0.44411
"Bacha, Carson",9,0,0,0,30,0,-9999,-9999,-9999,-9999,-9999,-0.44586400000000004
"Macdonald, Stuart",9,0,0,0,30,0,-9999,-9999,-9999,-9999,-9999,-0.4518546666666667
"Kwang Aik, James Leow",3,0,0,0,12,0,-9999,-9999,-9999,-9999,-9999,-0.4523716666666668
"Manassero, Matteo",9,0,0.003,0,30,18,-0.10960388888888889,0.2692555555555556,-0.1469022222222222,-0.7095994444444444,-0.5872461111111111,-0.458211
"Gabrelcik, Nick",8,0,0,0,30,0,-9999,-9999,-9999,-9999,-9999,-0.4597846666666667
"Van Paris, Jackson",7,0,0,0,28,0,-9999,-9999,-9999,-9999,-9999,-0.46230857142857146
"Snedeker, Brandt",7,0,0,0,21,16,-0.22329812500000004,0.67452375,-0.34791125,-0.5440775,-0.21746500000000002,-0.4654252380952381
"Sullivan, Andy",11,0,0.066,0,38,22,0.018200454545454558,-0.1853309090909091,-0.47015181818181817,-0.15922,-0.8147027272727273,-0.4658636842105264
"Wang, Jeunghun",6,0,0,0,21,0,-9999,-9999,-9999,-9999,-9999,-0.46679857142857145
"Takis, Harry",9,1,0.001,0,27,0,-9999,-9999,-9999,-9999,-9999,-0.4828159259259259
"Lamb, Rick",9,0,0,0,28,0,-9999,-9999,-9999,-9999,-9999,-0.4842621428571428
"Tarrio, Santiago",4,0,0,0,12,0,-9999,-9999,-9999,-9999,-9999,-0.4846966666666667
"Meissner, Mitchell",9,0,0.006,0,28,0,-9999,-9999,-9999,-9999,-9999,-0.4853003571428571
"Solomon, Jacob",3,0,0,0,10,0,-9999,-9999,-9999,-9999,-9999,-0.490498
"Phillips, Trent",9,0,0,0,28,0,-9999,-9999,-9999,-9999,-9999,-0.4917396428571429
"VanDerLaan, John",10,0,0,0,29,22,-0.23688363636363635,-0.1793554545454545,-0.19435227272727273,-0.1736272727272727,-0.547335,-0.49402137931034484
"Montgomery, Taylor",9,0,0.001,0,24,2,0.01471,-0.37909499999999996,0.14537500000000003,-1.05136,-1.28508,-0.4942291666666667
"Ok, Taehoon",7,0,0.004,0,24,6,-0.28911,0.5615483333333333,-0.91424,-0.24635833333333335,-0.5990500000000001,-0.4953625
"Galletti, Nicolo",8,0,0,0,28,0,-9999,-9999,-9999,-9999,-9999,-0.4992528571428572
"LaCroix, Frederic",11,0,0.001,0,40,24,-0.42184166666666667,-0.47198249999999997,0.3074820833333333,0.10493999999999999,-0.05956041666666667,-0.50233825
"Kobori, Kazuma",11,0,0,0,38,12,0.5215141666666666,-0.12735583333333333,-0.20317333333333332,-0.23266916666666668,-0.5631983333333334,-0.5060065789473684
"Blanchet, Chandler",12,0,0.002,0,33,26,-0.5739757692307692,-0.5080596153846154,0.059106923076923105,0.13872115384615386,-0.31023153846153845,-0.5105427272727272
"Stanger, Jimmy",9,0,0,0,27,17,0.2347688235294118,-0.024988235294117627,-0.8439588235294117,0.5065035294117647,-0.3624435294117646,-0.5131262962962962
"Dufner, Jason",3,0,0,0,7,3,0.8490633333333334,0.034366666666666656,0.89023,-0.7205400000000001,0.20405666666666655,-0.5160614285714286
"Pulkkanen, Tapio",7,0,0,0,27,4,0.48373750000000004,-0.03431750000000003,-0.26452749999999997,-0.333805,-0.6326499999999999,-0.5206340740740741
"Phillips, Chandler",10,0,0.006,0,34,31,0.4376477419354839,0.07661161290322581,-0.8793577419354839,-0.2041025806451613,-1.0068487096774195,-0.5223070588235295
"Gouveia, Ricardo",11,0,0.001,0,30,12,0.6740708333333334,0.20702500000000001,-0.70295,0.2998516666666666,-0.19607333333333332,-0.52608
"Yu, Kevin",10,0,0.015,0,27,24,-0.6048837499999999,0.17407666666666666,-0.13618,-0.02725166666666666,0.010645000000000016,-0.5373274074074074
"Elvira, Manuel",12,0,0.001,0,39,12,-0.4833766666666666,-0.131775,-0.3157516666666666,0.11583083333333337,-0.3316958333333332,-0.5383758974358975
"Frittelli, Dylan",13,0,0,0,47,20,-0.0681375,0.418051,-0.39692350000000004,-0.9034544999999999,-0.8823270000000001,-0.5515365957446808
"Daffue, MJ",13,2,0.057,0,37,4,0.2522875,0.5297324999999999,-1.0640775,0.883145,0.3487999999999999,-0.5535735135135136
"Robinson Thompson, Brandon",11,0,0.01,0,31,10,-0.205003,0.06480299999999997,-0.6918019999999999,0.241369,-0.3856299999999999,-0.5729538709677419
"Svensson, Jesper",11,0,0,0,33,26,-0.024341153846153898,-0.5377938461538462,-0.31258499999999995,0.19651192307692306,-0.6538669230769231,-0.58664
"Casey, Paul",6,0,0,0,24,24,-0.5859333333333333,-0.22306208333333336,0.5921466666666667,-0.3822191666666667,-0.013134583333333366,-0.59906625
"Vaillant, Tom",11,0,0,0,36,10,0.08884099999999998,0.045343,-1.1880609999999998,-0.644768,-1.787486,-0.6116961111111111
"Kruyswijk, Jacques",10,0,0,0,34,18,-0.48597222222222225,0.055893333333333316,0.3649644444444445,-0.3978288888888889,0.023028888888888897,-0.6251514705882353
"Vincent, Kieran",11,0,0,0,35,0,-9999,-9999,-9999,-9999,-9999,-0.6319688571428571
"Tringale, Cameron",6,0,0,0,24,24,-0.1052616666666667,-0.11224416666666664,0.21611458333333333,-0.6393433333333333,-0.5354729166666665,-0.6407329166666667
"Townsend, Hugo",10,0,0,0,37,12,-0.7214933333333332,0.39601000000000003,-0.9009616666666668,-0.35315583333333334,-0.8581075,-0.64127
"Guillamoundeguy, Oihan",9,0,0,0,27,8,-0.36685875,-0.40096,-0.5991474999999999,-0.43439,-1.4344975,-0.6518696296296297
"Clements, Todd",10,0,0,0,30,14,-0.7903028571428571,0.5441878571428571,0.15540214285714285,0.3385121428571429,1.0381021428571429,-0.6534583333333334
"Schwartzel, Charl",8,0,0,0,30,28,0.1432575,-0.022458571428571432,0.0030585714285714383,-0.5967092857142857,-0.6161092857142857,-0.6604466666666666
"Asaji, Yosuke",9,0,0,0,35,24,0.35322291666666666,0.13168208333333334,0.03563208333333332,-0.869605,-0.7022908333333333,-0.6759780000000001
"Migliozzi, Guido",9,0,0.001,0,30,22,-0.17728545454545455,0.17340681818181813,-0.1428340909090909,-0.5894668181818182,-0.558894090909091,-0.6794836666666667
"Quayle, Anthony",12,0,0,0,36,8,-0.106685,-0.441435,0.45976125,-0.3925875,-0.37426125,-0.6905727777777778
"Lombard, Zander",11,0,0.003,0,37,10,-0.44707100000000005,-0.22268,-0.674713,-0.030563000000000017,-0.927956,-0.7011232432432433
"Luiten, Joost",10,0,0,0,32,16,0.54916625,0.09729624999999997,-0.173600625,0.07055375000000001,-0.005750625000000023,-0.7167034375
"Walker, Danny",11,0,0,0,37,30,-0.43614300000000006,0.29191833333333334,-0.129978,-0.5128303333333333,-0.35089,-0.7212108108108108
"McDowell, Graeme",6,0,0,0,24,24,0.23297083333333332,-0.3882954166666666,-0.08048416666666665,-0.48825874999999996,-0.9570383333333332,-0.72406625
"Gonzalez, Emilio",4,0,0,0,12,9,0.34415777777777784,0.42956222222222223,-1.3331433333333333,-0.6214311111111112,-1.5250122222222222,-0.7284083333333333
"Langasque, Romain",11,0,0,0,39,14,0.7025750000000001,-0.33535714285714285,-0.9382828571428572,-0.06164285714285715,-1.3352828571428572,-0.7324335897435896
"Watson, Bubba",7,0,0,0,26,26,0.06860230769230768,-0.4027934615384616,-0.38135500000000006,-0.017968846153846158,-0.8021173076923078,-0.7335138461538462
"Bairstow, Sam",11,0,0,0,38,16,-0.1314225,-0.11759375,-0.135084375,0.01606875,-0.236609375,-0.7661886842105264
"Waring, Paul",10,0,0,0,30,28,-0.28416642857142854,-0.2617271428571429,-0.0187375,-0.04375285714285714,-0.32421750000000005,-0.776505
"Masaveu, Luis",7,0,0,0,28,24,-0.09270083333333333,-0.10085458333333332,-0.5905966666666667,-0.10658166666666669,-0.7980329166666666,-0.7781682142857143
"Hollick, Michael",14,0,0.001,0,41,12,-0.43111000000000005,-0.11425833333333335,-0.11076833333333332,-0.24226916666666667,-0.46729583333333335,-0.7818143902439025
"Van Rooyen, Erik",11,0,0,0,29,24,0.49642958333333337,-0.34230958333333333,-1.0134691666666666,0.25785875,-1.09792,-0.7911120689655171
"Grillo, Emiliano",10,0,0.002,0,31,28,-0.5361214285714285,-0.19679678571428574,-0.11287892857142855,-0.14042107142857144,-0.4500967857142857,-0.7976561290322581
"Malnati, Peter",10,0,0,0,27,20,0.17632149999999996,0.1384085,-0.8346259999999999,-0.520505,-1.2167225,-0.802467037037037
"Nyholm, Pontus",10,0,0.001,0,27,20,0.255572,0.06951450000000002,-0.615278,-0.36786950000000007,-0.913633,-0.8025418518518519
"Canter, Laurie",9,0,0,0,34,34,-0.5888082352941177,-0.546789705882353,-0.09297441176470586,0.42136558823529413,-0.21839852941176474,-0.8072052941176471
"Hirata, Kensei",10,0,0,0,29,24,-0.058371666666666676,-0.01785416666666664,-0.72323125,0.19119416666666667,-0.5498912499999999,-0.8116655172413793
"Dean, Joe",10,0,0,0,32,12,0.48981333333333327,0.02117750000000002,-0.8047508333333333,-0.5343175,-1.3178908333333332,-0.8151787500000001
"Bryant, Davis",11,0,0.004,0,38,10,-0.3484520000000001,-0.259398,-1.112708,-0.5155749999999999,-1.887681,-0.8181613157894737
"Schmidt, Ben",12,0,0,0,34,14,-0.41322071428571433,-0.47207785714285716,0.5727935714285713,-0.3312378571428572,-0.230522142857143,-0.8189923529411764
"Chatfield, Davis",10,0,0,0,28,21,-0.6633833333333333,0.1397657142857143,-0.48166714285714285,0.039300952380952374,-0.30260047619047614,-0.8218342857142857
"Highsmith, Joe",11,0,0,0,37,34,-0.2609126470588235,-0.11893441176470589,0.03945499999999998,-0.41827558823529415,-0.49775500000000006,-0.844757027027027
"Bland, Richard",6,0,0,0,24,24,-0.5587254166666666,0.02570041666666666,0.31824416666666666,-0.6342891666666667,-0.29034458333333335,-0.84906625
"Hubbard, Mark",11,0,0,0,33,26,-0.6534453846153846,0.010791923076923076,-0.14744538461538464,-0.35714,-0.49379346153846165,-0.852130909090909
"Halvorsen, Andreas",8,0,0.009,0,22,8,-0.543035,0.05883999999999999,-0.59101375,0.0942625,-0.43791125,-0.8599927272727274
"Vegas, Jhonattan",10,0,0.001,0,33,30,-0.020046000000000008,-0.3848483333333333,-0.19174500000000003,0.019046666666666663,-0.5575466666666666,-0.8618484848484849
"Levy, Alexander",6,0,0.001,0,17,4,-1.206815,-0.9667075,-2.3208175000000004,0.30479,-2.9827350000000004,-0.8646676470588236
"Suber, Jackson",9,0,0,0,27,18,-0.7426394444444444,-0.12206611111111111,0.02554111111111114,-0.40294444444444444,-0.4994694444444444,-0.8647677777777779
"Jonsson, Tobias",12,0,0,0,40,12,-0.36374333333333336,0.33692666666666665,-0.06650333333333337,0.09705250000000003,0.36747583333333333,-0.86663175
"Meronk, Adrian",8,0,0,0,32,32,-0.08538281249999999,0.08023312500000002,-0.616030625,-0.24671437499999999,-0.7825118750000001,-0.8678928125
"Wu, Ashun",7,0,0,0,21,13,0.4119746153846154,0.05287923076923077,-1.0041561538461539,-0.5529469230769231,-1.5042238461538462,-0.8860042857142858
"Law, David",12,0,0.003,0,38,8,0.20197625,-1.04258375,-1.2748937500000002,-0.43357,-2.7510475000000003,-0.889905
"Lahiri, Anirban",6,0,0,0,24,24,-0.5908220833333333,-0.023181250000000014,-0.43541291666666665,0.15868125,-0.29991291666666664,-0.8907329166666665
"Kuchar, Matt",7,0,0,0,18,15,0.59402,-0.011524000000000015,-0.7983906666666667,-0.8000633333333333,-1.6099780000000001,-0.8917677777777777
"Bjerregaard, Lucas",4,0,0,0,12,4,-0.2604125,0.1265325,-0.5403775000000001,-0.47465500000000005,-0.8885000000000003,-0.8957324999999999
"Norlander, Henrik",5,0,0,0,16,7,0.025958571428571435,0.44936571428571426,0.0574,-0.4114185714285714,0.09534714285714285,-0.8969612500000002
"Crocker, Sean",9,0,0,0,28,12,-0.4616925,-0.269075,-0.3647408333333333,0.1501625,-0.48365333333333327,-0.9166046428571428
"Soderberg, Sebastian",9,0,0.001,0,26,12,-0.20986916666666666,-0.16423916666666669,-0.11003999999999999,0.10913083333333336,-0.1651483333333333,-0.9167361538461539
"Veerman, Johannes",8,0,0.002,0,28,22,0.7134290909090909,-0.08488545454545456,-0.7958118181818182,-0.6981813636363636,-1.5788786363636365,-0.9247799999999999
"Schneider, Marcel",10,0,0,0,29,12,-0.04999583333333337,-0.038625,0.11869999999999996,-0.385415,-0.30534000000000006,-0.9464696551724138
"Sargent, Gordon",9,0,0,0,25,18,-0.12090611111111113,-0.04986944444444445,-1.6337327777777777,0.3986355555555556,-1.2849666666666666,-0.9492284
"Lemke, Niklas",7,0,0,0,22,10,-0.3286510000000001,-0.19725299999999996,-0.24975800000000006,-0.294236,-0.741247,-0.9601931818181818
"Kaewkanjana, Sadom",8,0,0,0,26,8,0.03976749999999998,0.447835,-0.7009150000000001,-0.19272499999999998,-0.445805,-0.9639061538461539
"Campbell, Brian",12,0,0,0,34,32,0.3318521875,-0.095470625,-0.5011659374999999,-0.6223321875,-1.2189687499999997,-0.9676223529411765
"Young, Daniel",11,0,0,0,35,10,-0.740132,-0.09967799999999997,-0.07782799999999998,-0.518495,-0.696001,-0.9908408571428571
"Aphibarnrat, Kiradech",12,0,0,0,40,10,-0.3830190000000001,-0.179417,-1.009501,-0.326708,-1.515626,-1.0008777500000001
"Garcia Rodriguez, Sebastian",11,0,0,0,37,4,-1.347115,-0.4540025,-1.252445,0.36979249999999997,-1.336655,-1.0128951351351352
"Bautista, Austin",16,0,0,0,53,0,-9999,-9999,-9999,-9999,-9999,-1.0129715094339622
"Rumford, Brett",3,0,0,0,10,0,-9999,-9999,-9999,-9999,-9999,-1.0459370000000001
"Poulter, Ian",6,0,0,0,24,24,-0.09122666666666668,0.2585558333333334,-0.3914516666666667,-0.8332795833333333,-0.9661754166666667,-1.0573995833333334
"Hellgren, Bjorn",8,0,0,0,31,24,-0.52952875,-0.41808416666666665,-0.5386820833333333,-0.11277291666666667,-1.0695391666666667,-1.0623825806451614
"Salinda, Isaiah",7,0,0,0,21,14,-0.45126357142857143,-0.6381707142857144,-0.25887000000000004,0.5583314285714286,-0.3387092857142858,-1.0643685714285716
"Ravetto, David",13,0,0.001,0,41,18,-1.1715688888888889,-0.41822499999999996,-0.3590455555555556,0.22171111111111114,-0.5555594444444445,-1.0660629268292683
"Lee, Junghwan",11,0,0,0,37,18,0.29576500000000006,-0.2471544444444444,-0.52968,-0.44116944444444445,-1.2180038888888889,-1.0766200000000001
"Kizzire, Patton",9,0,0,0,25,23,-0.13689826086956525,0.18960782608695653,0.12135130434782608,-1.2061004347826088,-0.8951413043478262,-1.0899320000000001
"Lagergren, Joakim",11,0,0,0,36,20,0.21037650000000002,0.025672500000000004,-1.0174480000000001,0.1731315,-0.8186440000000001,-1.1156908333333333
"Garnett, Brice",10,0,0,0,29,22,-0.03184636363636364,0.032388181818181816,-0.5503190909090909,-0.4806490909090909,-0.9985800000000001,-1.121653448275862
"Kinhult, Marcus",10,0,0,0,32,12,-0.051752500000000014,-0.024122500000000005,-0.7119066666666667,0.2460975,-0.4899316666666667,-1.124348125
"Higgo, Garrick",12,0,0,0,34,33,-0.3807193939393939,-0.18028575757575757,-0.6385539393939393,0.027805454545454546,-0.7910342424242424,-1.1358176470588237
"Biondi, Fred",8,0,0,0,24,6,-1.10411,0.6123966666666667,0.03072333333333338,-0.14808,0.4950400000000001,-1.1448483333333332
"Zhou, Yanhan",8,0,0.001,0,24,8,0.11593625000000002,-0.48028499999999996,-1.32042375,-0.35656875,-2.1572774999999997,-1.1674958333333334
"Sharma, Shubhankar",13,1,0,0,40,12,0.27333,-0.24413916666666666,-1.1828508333333334,-0.7577508333333333,-2.1847408333333336,-1.1706595
"Dunlap, Nick",8,0,0,0,20,17,0.31233588235294124,-0.15675529411764702,0.30595823529411764,-1.2257341176470589,-1.0765311764705883,-1.1715235
"Kaymer, Martin",5,0,0,0,20,20,-0.16960850000000002,-0.3493935,0.15840200000000002,-0.8123235,-1.003315,-1.172921
"Charmasson, Clement",9,0,0,0,28,8,0.14779125000000004,-0.42531,-1.747235,0.0983975,-2.0741475,-1.1803714285714286
"Riley, Davis",11,0,0.003,0,32,25,0.445032,-0.0960632,-0.684898,-1.3167436000000001,-2.0977048000000003,-1.1888290625
"Schenk, Adam",12,0,0.002,0,35,32,-0.507579375,0.07653531249999997,-0.2393765625,-0.24543687499999997,-0.408278125,-1.1996305714285715
"Ramsay, Richie",7,0,0,0,20,12,0.6376041666666667,-0.30644166666666667,-0.45752499999999996,-0.3123066666666667,-1.0762733333333334,-1.2086335000000001
"Gumberg, Jordan",12,1,0.028,0,38,10,-1.9537030000000002,-0.268997,-0.275852,0.407919,-0.13693,-1.212023157894737
"Baldwin, Matthew",11,0,0,0,33,8,0.42821125,-0.193885,-0.79782375,-0.10284375000000004,-1.0945525,-1.2266863636363636
"Lamprecht, Christo",11,0,0,0,33,22,-0.4159145454545454,0.3988959090909091,-1.2190954545454546,0.13943454545454548,-0.6807650000000002,-1.2418472727272727
"Nakajima, Keita",6,0,0,0,16,13,-0.727226923076923,-0.5096715384615385,0.08146692307692309,-0.31842692307692305,-0.7466315384615384,-1.248289375
"Winther, Jeff",9,0,0,0,30,12,0.013420833333333363,-0.12345833333333334,-1.0334666666666665,-0.9618316666666668,-2.1187566666666666,-1.2786256666666667
"Dantorp, Jens",10,0,0,0,29,14,0.6131314285714285,0.11332857142857145,-0.7359707142857143,-0.5115342857142857,-1.1341764285714284,-1.2852237931034483
"Repetto Taylor, Rocco Paolo",11,0,0,0,33,8,-0.6722637499999999,-0.016235000000000027,-1.31672375,-0.16111874999999995,-1.4940775,-1.2885272727272727
"Fishburn, Patrick",8,0,0,0,21,16,-0.01931374999999997,-0.060661875000000025,-0.773781875,0.09563125000000001,-0.7388124999999999,-1.2953733333333335
"Johnston, Andrew",8,0,0,0,24,10,-1.2378230000000001,0.10968800000000001,-0.05798600000000002,0.09830500000000002,0.150007,-1.2986079166666666
"Girrbach, Joel",13,0,0,0,35,12,-0.70996,-0.30144166666666666,0.06191500000000003,0.3010808333333333,0.06155416666666669,-1.308742857142857
"Ogilvy, Geoff",3,0,0,0,10,2,-0.76108,-0.236555,-0.384235,0.037605,-0.583185,-1.35382
"Walker, Euan",10,0,0.001,0,28,8,-0.77166375,0.151365,-1.66582375,-0.25521875,-1.7696775,-1.3586075
"Morrison, James",11,0,0,0,35,10,-0.044499999999999984,0.093683,-0.847954,-0.743546,-1.497817,-1.387017142857143
"Clanton, Luke",9,0,0,0,25,19,-0.8969521052631579,-0.35949210526315784,-0.046454736842105236,-0.5668073684210526,-0.9727542105263156,-1.3991576000000001
"Kang, Jeffrey",10,0,0,0,27,22,-0.2245940909090909,-0.08083818181818181,-0.09159000000000005,-0.8792477272727273,-1.0516759090909091,-1.3999877777777778
"Katsuragawa, Yuto",13,0,0,0,39,16,-0.9092837500000001,-0.26734562500000003,-0.68166625,0.023505624999999974,-0.9255062500000001,-1.4136489743589742
"Norgaard, Niklas",11,0,0,0,34,20,0.1223265,-0.6074275,-0.598548,0.17538150000000002,-1.030594,-1.4304923529411764
"Campos, Rafael",12,0,0,0,30,17,-0.4874017647058823,-0.9771111764705883,-0.315574705882353,-0.23583764705882354,-1.528523529411765,-1.4362570000000001
"Campbell, Ben",7,0,0,0,28,24,0.05212541666666667,0.08847458333333334,-0.9291816666666667,-0.6854858333333333,-1.5261929166666666,-1.4379660714285714
"Cockerill, Aaron",10,0,0,0,28,4,-1.1652550000000002,0.43811999999999995,-0.4060225,-0.15200750000000002,-0.11991000000000007,-1.4385896428571427
"Villegas, Camilo",9,0,0,0,27,8,-0.39976999999999996,0.02775624999999997,-0.10641374999999997,-0.7538925,-0.83255,-1.443975925925926
"Lower, Justin",8,0,0,0,23,18,-0.39024555555555557,-0.07303666666666664,-1.1779533333333334,-0.10074277777777778,-1.351732777777778,-1.4476347826086957
"Hoshino, Rikuya",11,0,0,0,34,20,-0.18505950000000007,-0.237119,-0.744669,-0.329611,-1.311399,-1.457890294117647
"Senior, Jack",13,0,0,0,40,10,-0.827863,0.205943,-1.032942,-0.635771,-1.46277,-1.4617305
"Steinlechner, Maximilian",12,0,0,0,32,8,-0.44114875000000003,-0.64545875,-2.24114375,-0.34632,-3.2329225,-1.513719375
"Adam, Cameron",12,0,0,0,38,8,-0.76583375,0.07681499999999997,-0.5706100000000001,-0.6667275,-1.1605225000000003,-1.5155178947368422
"Peake, Ryan",13,0,0,0,36,8,-0.05888375000000001,-0.506735,-1.744435,-0.49130250000000003,-2.7424725,-1.5259655555555556
"Hidalgo Portillo, Angel",13,0,0,0,42,20,-0.12460950000000001,-0.256069,-0.618919,0.10313900000000001,-0.771849,-1.5278347619047619
"Lee, S.T.",4,0,0,0,11,8,0.22629875,0.38034874999999996,-1.0421,-0.70819625,-1.3699474999999999,-1.5419681818181816
"Micheluzzi, David",11,0,0,0,34,14,0.4123178571428571,0.6136714285714285,-1.0351685714285714,-0.19495714285714286,-0.6164542857142857,-1.544599705882353
"Jamieson, Scott",10,0,0,0,26,8,-1.09567375,0.12739125,-2.4213062499999998,-0.5344825000000001,-2.8283975,-1.5594496153846154
"Siem, Marcel",10,0,0,0,30,12,-0.6597341666666666,0.36479749999999994,-1.4479116666666665,-0.00023916666666665837,-1.0833533333333332,-1.5665556666666667
"Follet-Smith, Benjamin",15,1,0,0,46,8,-0.37870875,-0.52081,-0.001485000000000014,0.09964749999999997,-0.42264750000000006,-1.5699191304347826
"Willett, Danny",8,0,0,0,21,15,0.1389506666666667,0.07576800000000002,-1.0584073333333335,-0.34853800000000007,-1.3311773333333334,-1.5833490476190475
"Rozo, Marcelo",9,0,0,0,23,16,-1.325418125,-0.36959437500000003,0.309003125,-0.475946875,-0.5365381250000001,-1.6028313043478264
"Arnaus, Adri",10,0,0,0,27,6,-0.34357,0.3100966666666667,-1.013175,-0.24244166666666667,-0.9455199999999999,-1.6066740740740741
"Vidal, Quim",12,0,0,0,36,8,-0.46553875,-0.34275999999999995,-1.65269875,-0.33034375,-2.3258025,-1.6162702777777778
"Harding, Justin",6,0,0,0,18,2,-1.680605,1.275025,-2.103225,-1.52058,-2.3487799999999996,-1.635027777777778
"Sterne, Richard",10,0,0,0,28,12,-0.3642333333333334,-0.4078725,-0.18209166666666668,-0.04722333333333331,-0.6371875,-1.6472014285714285
"McKinney, Connor",12,1,0,0,34,8,0.16009,0.31709,-0.77395125,-1.559175,-2.01603625,-1.6611605882352942
"Fisher, Ross",10,0,0,0,28,10,-0.834611,-0.9135200000000001,-1.169623,-0.257273,-2.3404160000000003,-1.6650342857142857
"Bekker, Oliver",11,1,0.001,0,28,0,-9999,-9999,-9999,-9999,-9999,-1.6840789285714286
"La Sasso, Michael",6,0,0,0,24,24,-0.30287083333333337,-0.27748,-0.9987595833333334,-0.14495708333333335,-1.4211966666666667,-1.72406625
"Sordet, Clement",11,0,0,0,34,4,-1.1506625,-0.2462175,0.1547475,-0.15678,-0.24825,-1.7278479411764704
"Shipley, Neal",10,0,0,0,23,18,-0.9807072222222222,-0.8189394444444444,-0.5767105555555555,0.6614366666666667,-0.7342133333333333,-1.7401686956521738
"Lee, Danny",7,0,0,0,28,24,-0.43996541666666666,-0.09989916666666666,-0.55740625,-0.7517970833333334,-1.4091025000000001,-1.7476892857142856
"Debove, Quentin",9,0,0,0,24,8,-0.5532837500000001,-0.04150999999999998,-0.11940999999999999,0.03784749999999998,-0.12307249999999999,-1.7899512499999999
"Zanotti, Fabrizio",4,0,0,0,10,4,0.9115875,0.016282499999999978,-0.6746274999999999,0.347845,-0.31049999999999994,-1.790204
"Buchanan, Jack",11,0,0,0,31,2,-1.101105,0.7440150000000001,-0.46187,-0.221985,0.0601600000000001,-1.8308425806451611
"Wise, Aaron",4,0,0,0,8,5,-0.783112,0.6838460000000001,-1.559196,-0.766956,-1.642306,-1.8463737500000001
"Johnston, Ryggs",12,0,0,0,35,16,0.013773124999999983,-0.270296875,-0.994045625,-0.3155375,-1.5798800000000002,-1.8597505714285714
"Broomhead, Jonothan",12,0,0,0,37,6,0.7793883333333333,0.16801500000000003,-1.0749616666666666,0.49994500000000003,-0.4070016666666665,-1.867988918918919
"Paratore, Renato",10,0,0,0,28,14,-0.15821714285714286,0.04984500000000001,-1.1587192857142856,-0.27082357142857144,-1.379697857142857,-1.8789285714285715
"Cantero Gutierrez, Ivan",12,0,0,0,34,12,-1.0594266666666667,0.01484166666666667,-0.41541,0.5615891666666667,0.16102083333333336,-1.9130161764705884
"Mazzoli, Stefano",11,0,0,0,30,6,-0.727345,-0.90823,-0.7210200000000001,-0.11290000000000004,-1.74215,-1.925342
"Kim, Minkyu",8,0,0,0,32,24,-0.06258416666666665,-0.040531666666666674,-1.14538,-1.2255720833333335,-2.4114837500000004,-1.9378821875
"Von Dellingshausen, Nicolai",7,0,0,0,22,20,-0.44437800000000005,-0.028649000000000015,-1.21445,-0.2348235,-1.4779225,-1.9404331818181817
"Hoffman, Charley",10,0,0,0,21,14,-0.5541742857142857,-0.6114014285714287,-0.4713778571428572,-0.0057878571428571345,-1.0885671428571428,-1.9749757142857145
"Van Velzen, Ryan",15,0,0,0,49,2,-2.390905,-0.719785,-1.07157,0.6413150000000001,-1.1500399999999997,-2.028223469387755
"Premlall, Yurav",15,0,0,0,47,6,-2.1077866666666667,-0.05809833333333329,-1.2690183333333334,-0.6556916666666667,-1.9828083333333335,-2.0289861702127663
"Davis, Cam",10,0,0,0,29,18,-0.5974133333333334,0.05206888888888888,-0.8537905555555556,-0.8686922222222222,-1.6704138888888889,-2.0316089655172416
"Toorop, Mike",8,0,0,0,23,8,-0.6005575,-0.440865,-1.6824025,0.06778750000000001,-2.0554799999999998,-2.0418121739130437
"Tabuena, Miguel",8,0,0,0,29,24,-0.31480749999999996,0.15757666666666664,-1.3814041666666668,-0.5187666666666667,-1.7425941666666669,-2.0542862068965517
"Colsaerts, Nicolas",3,0,0,0,8,0,-9999,-9999,-9999,-9999,-9999,-2.06467125
"Larrazabal, Pablo",11,0,0,0,29,18,-0.37485722222222223,-0.2594472222222223,-0.731516111111111,-0.44815666666666665,-1.43912,-2.081898275862069
"Blomme, Adam",7,0,0,0,20,10,0.202849,-0.17117799999999997,-0.685975,-0.538157,-1.39531,-2.1151475
"Strydom, Ockie",10,0,0,0,33,14,-0.7929728571428571,-0.9459271428571429,-1.6704492857142856,-0.6603521428571428,-3.276728571428571,-2.117270606060606
"Bergstrom, Albin",10,0,0,0,20,6,1.6063883333333333,-1.2579966666666667,-2.4618366666666667,0.3106166666666667,-3.4092166666666666,-2.1449815
"Williams, Robin",14,0,0,0,42,4,-0.9757625000000001,-0.31256749999999994,-1.0091525,-0.10143,-1.4231499999999997,-2.210311904761905
"Syme, Connor",9,0,0,0,23,14,-0.9697128571428572,-0.6579492857142857,-0.3487,0.09197642857142856,-0.9146728571428571,-2.237746956521739
"Tosti, Alejandro",10,0,0,0,23,18,-0.9110894444444446,-0.22110999999999997,-1.1059966666666667,0.03190333333333332,-1.2952033333333333,-2.323258695652174
"Mory, Felix",9,0,0,0,20,6,0.1771883333333333,-0.6588633333333334,-1.79897,0.31115,-2.1466833333333333,-2.38261
"Fichardt, Darren",8,0,0,0,23,8,-1.46494875,-0.29112499999999997,-0.928625,-0.48296125,-1.7027112500000001,-2.399676956521739
"Jones, Matt",4,0,0,0,9,0,-9999,-9999,-9999,-9999,-9999,-2.4227677777777776
"Celli, Filippo",9,0,0,0,20,10,0.36456,-0.634057,-1.564864,-0.10795599999999998,-2.306877,-2.4658065000000002
"Naidoo, Dylan",13,0,0,0,38,18,-0.10293555555555554,-0.6029805555555555,-1.5537066666666666,-0.35639444444444446,-2.5130816666666664,-2.53172
"Sandhu, Yuvraj Singh",10,0,0,0,27,10,0.6229169999999999,-0.25367700000000004,-1.1037219999999999,-0.756151,-2.11355,-2.5391862962962963
"Palmer, Ryan",5,0,0,0,10,8,-0.1378525,-0.25826374999999996,-1.5340387500000001,-0.26815875,-2.06046125,-2.584689
"Horsfield, Sam",6,0,0,0,24,24,0.08638666666666665,-0.46486541666666664,-1.6097566666666667,-0.61083375,-2.685455833333333,-2.59906625
"Logan, Hunter",9,0,0,0,19,5,-1.8859839999999999,-0.68231,-0.9324459999999999,-0.42276199999999997,-2.0375179999999995,-2.7202684210526313
"Geary, Josh",6,0,0,0,15,0,-9999,-9999,-9999,-9999,-9999,-2.7227680000000003
"Paul, Yannik",7,0,0,0,19,2,0.648395,-0.27798500000000004,-0.28936999999999996,-2.621985,-3.18934,-2.726184210526316
"Rebula, Jovan",10,0,0,0,24,2,-0.28420500000000004,-1.217585,-2.75727,-0.7818849999999999,-4.75674,-2.8249091666666666
"Capan III, Frankie",8,0,0,0,19,8,-0.40355875,0.34965874999999996,-2.14621,-1.77268875,-3.5692399999999997,-2.8802605263157894
"Ko, Jeong Weon",8,0,0,0,20,12,-0.8628958333333334,0.10030833333333333,-0.7933583333333334,-0.7160566666666667,-1.4091066666666667,-2.9724890000000004
"Berry, Joshua",12,0,0,0,27,8,1.077915,-0.37196,-1.3815887500000001,-0.3053125,-2.05886125,-3.024531111111111
"Gallegos, Andres",8,0,0,0,20,4,0.34404500000000005,0.20916999999999997,-2.1775725,-1.1608075,-3.12921,-3.0701165
"Hawkes, Simon",4,0,0,0,10,0,-9999,-9999,-9999,-9999,-9999,-3.2651339999999998
"Thimba, Toto",10,0,0,0,23,0,-9999,-9999,-9999,-9999,-9999,-3.511161739130435
"Stubbs, Jasper",5,0,0,0,12,0,-9999,-9999,-9999,-9999,-9999,-3.6635799999999996
"Mavundla, Thanda",5,0,0,0,12,0,-9999,-9999,-9999,-9999,-9999,-4.018368333333333
"Yule, Jack",10,0,0,0,20,4,-0.29810499999999995,-0.65623,-2.4622975,-0.8685325,-3.98706,-4.356277
"Nethunzwi, Musiwalo",5,0,0,0,13,0,-9999,-9999,-9999,-9999,-9999,-4.781603076923077
"Gavins, Daniel",4,0,0,0,12,12,-0.38773416666666666,-0.3492025,-2.129995,-2.5428225,-5.02202,-5.4097525
